bus,Pg,Qg,Qmax,Qmin,Vg,mBase,status,Pmax,Pmin,Pc1,Pc2,Qc1min,Qc1max,Qc2min,Qc2max,ramp_agc,ramp_10,ramp_30,ramp_q,apf,mu_Pmax,mu_Pmin,mu_Qmax,mu_Qmin
3001004.0,158.25,-30.38,44.94,-30.38,1.01,253.2,1.0,211.0,63.3,0.0,0.0,0.0,0.0,0.0,0.0,0.0,0.0,0.0,0.0,211.0,0.0,0.0,0.0,0.0
3001006.0,25.73,-4.94,7.31,-4.94,1.0,41.16,1.0,34.3,10.29,0.0,0.0,0.0,0.0,0.0,0.0,0.0,0.0,0.0,0.0,34.3,0.0,0.0,0.0,0.0
3001009.0,61.87,-11.88,17.57,-11.88,1.0,99.0,1.0,82.5,24.75,0.0,0.0,0.0,0.0,0.0,0.0,0.0,0.0,0.0,0.0,82.5,0.0,0.0,0.0,0.0
3001011.0,9.99,0.0,0.0,0.0,1.0,12.0,1.0,10.0,3.0,0.0,0.0,0.0,0.0,0.0,0.0,0.0,0.0,0.0,0.0,10.0,0.0,0.0,0.0,0.0
3001021.0,149.63,-28.73,42.49,-28.73,1.0,239.4,1.0,199.5,59.85,0.0,0.0,0.0,0.0,0.0,0.0,0.0,0.0,0.0,0.0,199.5,0.0,0.0,0.0,0.0
3001023.0,135.0,-1.36,38.34,-25.92,1.01,216.0,1.0,180.0,54.0,0.0,0.0,0.0,0.0,0.0,0.0,0.0,0.0,0.0,0.0,180.0,0.0,0.0,0.0,0.0
3001026.0,93.15,-7.89,26.45,-17.88,1.0,149.04,1.0,124.2,37.26,0.0,0.0,0.0,0.0,0.0,0.0,0.0,0.0,0.0,0.0,124.2,0.0,0.0,0.0,0.0
3001033.0,208.5,-40.03,59.21,-40.03,1.0,333.6,1.0,278.0,83.4,0.0,0.0,0.0,0.0,0.0,0.0,0.0,0.0,0.0,0.0,278.0,0.0,0.0,0.0,0.0
3001035.0,67.5,-12.96,19.17,-12.96,1.0,108.0,1.0,90.0,27.0,0.0,0.0,0.0,0.0,0.0,0.0,0.0,0.0,0.0,0.0,90.0,0.0,0.0,0.0,0.0
3001039.0,110.63,-21.24,31.42,-21.24,1.0,177.0,1.0,147.5,44.25,0.0,0.0,0.0,0.0,0.0,0.0,0.0,0.0,0.0,0.0,147.5,0.0,0.0,0.0,0.0
3001042.0,0.0,0.0,25.96,-17.55,1.0,146.28,0.0,121.9,36.57,0.0,0.0,0.0,0.0,0.0,0.0,0.0,0.0,0.0,0.0,121.9,0.0,0.0,0.0,0.0
3001043.0,44.1,-4.93,12.52,-8.47,1.0,70.56,1.0,58.8,17.64,0.0,0.0,0.0,0.0,0.0,0.0,0.0,0.0,0.0,0.0,58.8,0.0,0.0,0.0,0.0
3001048.0,0.0,0.0,165.53,-36.1,1.0,390.24,0.0,325.2,97.56,0.0,0.0,0.0,0.0,0.0,0.0,0.0,0.0,132.06,0.0,325.2,0.0,0.0,0.0,0.0
3001049.0,0.0,0.0,165.53,-36.1,1.0,390.24,0.0,325.2,97.56,0.0,0.0,0.0,0.0,0.0,0.0,0.0,0.0,132.06,0.0,325.2,0.0,0.0,0.0,0.0
3001050.0,89.27,-9.92,45.5,-9.92,1.0,107.28,1.0,89.4,26.82,0.0,0.0,0.0,0.0,0.0,0.0,0.0,0.0,44.7,0.0,89.4,0.0,0.0,0.0,0.0
3001051.0,89.27,-7.94,45.5,-9.92,1.0,107.28,1.0,89.4,26.82,0.0,0.0,0.0,0.0,0.0,0.0,0.0,0.0,44.7,0.0,89.4,0.0,0.0,0.0,0.0
3001052.0,89.27,-9.92,45.5,-9.92,1.0,107.28,1.0,89.4,26.82,0.0,0.0,0.0,0.0,0.0,0.0,0.0,0.0,44.7,0.0,89.4,0.0,0.0,0.0,0.0
3001053.0,0.0,0.0,91.01,-19.85,1.0,214.56,0.0,178.8,53.64,0.0,0.0,0.0,0.0,0.0,0.0,0.0,0.0,89.4,0.0,178.8,0.0,0.0,0.0,0.0
3001057.0,0.0,0.0,25.56,-17.28,1.0,144.0,0.0,120.0,36.0,0.0,0.0,0.0,0.0,0.0,0.0,0.0,0.0,0.0,0.0,120.0,0.0,0.0,0.0,0.0
3001059.0,0.0,0.0,2.85,-0.62,1.04,6.72,0.0,5.6,1.68,0.0,0.0,0.0,0.0,0.0,0.0,0.0,0.0,2.8,0.0,5.6,0.0,0.0,0.0,0.0
3001060.0,0.0,0.0,1.02,-0.22,1.04,2.4,0.0,2.0,0.6,0.0,0.0,0.0,0.0,0.0,0.0,0.0,0.0,1.0,0.0,2.0,0.0,0.0,0.0,0.0
3001062.0,0.0,0.0,0.0,0.0,1.01,1.8,0.0,1.5,0.45,0.0,0.0,0.0,0.0,0.0,0.0,0.0,0.0,0.0,0.0,1.5,0.0,0.0,0.0,0.0
3001063.0,0.0,0.0,0.0,0.0,1.01,276.0,0.0,230.0,69.0,0.0,0.0,0.0,0.0,0.0,0.0,0.0,0.0,0.0,0.0,230.0,0.0,0.0,0.0,0.0
3001066.0,106.88,-4.79,30.35,-20.52,1.0,171.0,1.0,142.5,42.75,0.0,0.0,0.0,0.0,0.0,0.0,0.0,0.0,0.0,0.0,142.5,0.0,0.0,0.0,0.0
3001070.0,120.38,16.42,34.19,-23.11,1.04,192.6,1.0,160.5,48.15,0.0,0.0,0.0,0.0,0.0,0.0,0.0,0.0,0.0,0.0,160.5,0.0,0.0,0.0,0.0
3001072.0,191.85,10.71,97.8,-21.33,1.01,230.56,1.0,192.13,57.64,0.0,0.0,0.0,0.0,0.0,0.0,0.0,0.0,96.06,0.0,192.13,0.0,0.0,0.0,0.0
3001073.0,191.85,23.64,97.8,-21.33,1.01,230.56,1.0,192.13,57.64,0.0,0.0,0.0,0.0,0.0,0.0,0.0,0.0,96.06,0.0,192.13,0.0,0.0,0.0,0.0
3001074.0,191.85,18.7,97.8,-21.33,1.01,230.56,1.0,192.13,57.64,0.0,0.0,0.0,0.0,0.0,0.0,0.0,0.0,96.06,0.0,192.13,0.0,0.0,0.0,0.0
3001075.0,191.85,17.01,97.8,-21.33,1.01,230.56,1.0,192.13,57.64,0.0,0.0,0.0,0.0,0.0,0.0,0.0,0.0,96.06,0.0,192.13,0.0,0.0,0.0,0.0
3001076.0,0.0,0.0,97.8,-21.33,1.01,230.56,0.0,192.13,57.64,0.0,0.0,0.0,0.0,0.0,0.0,0.0,0.0,96.06,0.0,192.13,0.0,0.0,0.0,0.0
3001077.0,0.0,0.0,97.8,-21.33,1.01,230.56,0.0,192.13,57.64,0.0,0.0,0.0,0.0,0.0,0.0,0.0,0.0,96.06,0.0,192.13,0.0,0.0,0.0,0.0
3001078.0,95.36,9.08,48.61,-10.6,1.01,114.6,1.0,95.5,28.65,0.0,0.0,0.0,0.0,0.0,0.0,0.0,0.0,47.75,0.0,95.5,0.0,0.0,0.0,0.0
3001079.0,95.36,-10.6,48.61,-10.6,1.01,114.6,1.0,95.5,28.65,0.0,0.0,0.0,0.0,0.0,0.0,0.0,0.0,47.75,0.0,95.5,0.0,0.0,0.0,0.0
3001080.0,95.36,6.37,48.61,-10.6,1.01,114.6,1.0,95.5,28.65,0.0,0.0,0.0,0.0,0.0,0.0,0.0,0.0,47.75,0.0,95.5,0.0,0.0,0.0,0.0
3001081.0,0.0,0.0,145.83,-31.8,1.01,343.8,0.0,286.5,85.95,0.0,0.0,0.0,0.0,0.0,0.0,0.0,0.0,124.66,0.0,286.5,0.0,0.0,0.0,0.0
3001082.0,112.5,-21.6,31.95,-21.6,1.0,180.0,1.0,150.0,45.0,0.0,0.0,0.0,0.0,0.0,0.0,0.0,0.0,0.0,0.0,150.0,0.0,0.0,0.0,0.0
3001084.0,86.62,24.6,24.6,-16.63,1.04,138.6,1.0,115.5,34.65,0.0,0.0,0.0,0.0,0.0,0.0,0.0,0.0,0.0,0.0,115.5,0.0,0.0,0.0,0.0
3001088.0,56.25,-8.13,15.97,-10.8,1.0,90.0,1.0,75.0,22.5,0.0,0.0,0.0,0.0,0.0,0.0,0.0,0.0,0.0,0.0,75.0,0.0,0.0,0.0,0.0
3001090.0,114.37,9.6,32.48,-21.96,1.02,183.0,1.0,152.5,45.75,0.0,0.0,0.0,0.0,0.0,0.0,0.0,0.0,0.0,0.0,152.5,0.0,0.0,0.0,0.0
3001090.0,27.0,7.67,7.67,-5.18,1.02,43.2,1.0,36.0,10.8,0.0,0.0,0.0,0.0,0.0,0.0,0.0,0.0,0.0,0.0,36.0,0.0,0.0,0.0,0.0
3002004.0,0.0,0.0,199.43,-43.49,1.02,470.16,0.0,391.8,117.54,0.0,0.0,0.0,0.0,0.0,0.0,0.0,0.0,139.54,0.0,391.8,0.0,0.0,0.0,0.0
3002005.0,0.0,0.0,199.43,-43.49,1.02,470.16,0.0,391.8,117.54,0.0,0.0,0.0,0.0,0.0,0.0,0.0,0.0,139.54,0.0,391.8,0.0,0.0,0.0,0.0
3002006.0,0.0,0.0,199.43,-43.49,1.02,470.16,0.0,391.8,117.54,0.0,0.0,0.0,0.0,0.0,0.0,0.0,0.0,139.54,0.0,391.8,0.0,0.0,0.0,0.0
3002013.0,150.45,-28.89,42.73,-28.89,1.0,240.72,1.0,200.6,60.18,0.0,0.0,0.0,0.0,0.0,0.0,0.0,0.0,0.0,0.0,200.6,0.0,0.0,0.0,0.0
3002019.0,0.0,0.0,46.43,-31.39,1.04,261.6,0.0,218.0,65.4,0.0,0.0,0.0,0.0,0.0,0.0,0.0,0.0,0.0,0.0,218.0,0.0,0.0,0.0,0.0
3002023.0,83.21,3.63,42.42,-9.25,1.02,100.0,1.0,83.33,25.0,0.0,0.0,0.0,0.0,0.0,0.0,0.0,0.0,41.66,0.0,83.33,0.0,0.0,0.0,0.0
3002024.0,166.42,6.12,84.83,-18.5,1.02,200.0,1.0,166.67,50.0,0.0,0.0,0.0,0.0,0.0,0.0,0.0,0.0,83.33,0.0,166.67,0.0,0.0,0.0,0.0
3002042.0,59.7,-11.46,16.95,-11.46,1.01,95.52,1.0,79.6,23.88,0.0,0.0,0.0,0.0,0.0,0.0,0.0,0.0,0.0,0.0,79.6,0.0,0.0,0.0,0.0
3002056.0,0.0,0.0,2.8,-0.73,0.99,7.2,0.0,6.0,1.8,0.0,0.0,0.0,0.0,0.0,0.0,0.0,0.0,2.4,0.0,6.0,0.0,0.0,0.0,0.0
3002057.0,579.67,-79.15,335.52,-87.84,0.99,864.0,1.0,720.0,216.0,0.0,0.0,0.0,0.0,0.0,0.0,0.0,0.0,210.0,0.0,720.0,0.0,0.0,0.0,0.0
3002059.0,60.0,-11.52,17.04,-11.52,1.0,96.0,1.0,80.0,24.0,0.0,0.0,0.0,0.0,0.0,0.0,0.0,0.0,0.0,0.0,80.0,0.0,0.0,0.0,0.0
3002062.0,101.55,-15.32,28.84,-19.5,1.02,162.48,1.0,135.4,40.62,0.0,0.0,0.0,0.0,0.0,0.0,0.0,0.0,0.0,0.0,135.4,0.0,0.0,0.0,0.0
3002071.0,112.5,-5.4,31.95,-21.6,1.0,180.0,1.0,150.0,45.0,0.0,0.0,0.0,0.0,0.0,0.0,0.0,0.0,0.0,0.0,150.0,0.0,0.0,0.0,0.0
3002076.0,22.5,6.39,6.39,-4.32,1.04,36.0,1.0,30.0,9.0,0.0,0.0,0.0,0.0,0.0,0.0,0.0,0.0,0.0,0.0,30.0,0.0,0.0,0.0,0.0
3002078.0,84.38,-8.99,23.96,-16.2,1.02,135.0,1.0,112.5,33.75,0.0,0.0,0.0,0.0,0.0,0.0,0.0,0.0,0.0,0.0,112.5,0.0,0.0,0.0,0.0
3002083.0,19.97,7.32,10.18,-2.22,1.02,24.0,1.0,20.0,6.0,0.0,0.0,0.0,0.0,0.0,0.0,0.0,0.0,10.0,0.0,20.0,0.0,0.0,0.0,0.0
3002084.0,0.0,0.0,10.18,-2.22,1.02,24.0,0.0,20.0,6.0,0.0,0.0,0.0,0.0,0.0,0.0,0.0,0.0,10.0,0.0,20.0,0.0,0.0,0.0,0.0
3002085.0,0.0,0.0,20.36,-4.44,1.02,48.0,0.0,40.0,12.0,0.0,0.0,0.0,0.0,0.0,0.0,0.0,0.0,20.0,0.0,40.0,0.0,0.0,0.0,0.0
3002089.0,50.7,-1.65,14.4,-9.73,1.0,81.12,1.0,67.6,20.28,0.0,0.0,0.0,0.0,0.0,0.0,0.0,0.0,0.0,0.0,67.6,0.0,0.0,0.0,0.0
3002094.0,0.0,0.0,2.13,-1.44,1.0,12.0,0.0,10.0,3.0,0.0,0.0,0.0,0.0,0.0,0.0,0.0,0.0,0.0,0.0,10.0,0.0,0.0,0.0,0.0
3002095.0,0.0,0.0,16.93,-11.45,1.0,95.4,0.0,79.5,23.85,0.0,0.0,0.0,0.0,0.0,0.0,0.0,0.0,0.0,0.0,79.5,0.0,0.0,0.0,0.0
3002099.0,7.5,-1.44,2.13,-1.44,1.02,12.0,1.0,10.0,3.0,0.0,0.0,0.0,0.0,0.0,0.0,0.0,0.0,0.0,0.0,10.0,0.0,0.0,0.0,0.0
3002100.0,112.5,-21.6,31.95,-21.6,1.02,180.0,1.0,150.0,45.0,0.0,0.0,0.0,0.0,0.0,0.0,0.0,0.0,0.0,0.0,150.0,0.0,0.0,0.0,0.0
3002103.0,0.0,0.0,136.28,-29.72,1.0,321.28,0.0,267.73,80.32,0.0,0.0,0.0,0.0,0.0,0.0,0.0,0.0,120.26,0.0,267.73,0.0,0.0,0.0,0.0
3002104.0,0.0,0.0,136.28,-29.72,1.0,321.28,0.0,267.73,80.32,0.0,0.0,0.0,0.0,0.0,0.0,0.0,0.0,120.26,0.0,267.73,0.0,0.0,0.0,0.0
3002105.0,0.0,0.0,136.28,-29.72,1.0,321.28,0.0,267.73,80.32,0.0,0.0,0.0,0.0,0.0,0.0,0.0,0.0,120.26,0.0,267.73,0.0,0.0,0.0,0.0
3002115.0,184.45,-20.5,94.02,-20.5,1.0,221.66,1.0,184.72,55.41,0.0,0.0,0.0,0.0,0.0,0.0,0.0,0.0,92.36,0.0,184.72,0.0,0.0,0.0,0.0
3002116.0,184.45,-20.5,94.02,-20.5,1.0,221.66,1.0,184.72,55.41,0.0,0.0,0.0,0.0,0.0,0.0,0.0,0.0,92.36,0.0,184.72,0.0,0.0,0.0,0.0
3002117.0,184.45,-20.5,94.02,-20.5,1.0,221.66,1.0,184.72,55.41,0.0,0.0,0.0,0.0,0.0,0.0,0.0,0.0,92.36,0.0,184.72,0.0,0.0,0.0,0.0
3002118.0,184.45,-20.5,94.02,-20.5,1.0,221.66,1.0,184.72,55.41,0.0,0.0,0.0,0.0,0.0,0.0,0.0,0.0,92.36,0.0,184.72,0.0,0.0,0.0,0.0
3002119.0,184.45,-20.5,94.02,-20.5,1.0,221.66,1.0,184.72,55.41,0.0,0.0,0.0,0.0,0.0,0.0,0.0,0.0,92.36,0.0,184.72,0.0,0.0,0.0,0.0
3002120.0,184.45,-13.02,94.02,-20.5,1.01,221.66,1.0,184.72,55.41,0.0,0.0,0.0,0.0,0.0,0.0,0.0,0.0,92.36,0.0,184.72,0.0,0.0,0.0,0.0
3002123.0,136.28,-26.16,38.7,-26.16,1.0,218.04,1.0,181.7,54.51,0.0,0.0,0.0,0.0,0.0,0.0,0.0,0.0,0.0,0.0,181.7,0.0,0.0,0.0,0.0
3002127.0,216.45,61.47,61.47,-41.56,1.04,346.32,1.0,288.6,86.58,0.0,0.0,0.0,0.0,0.0,0.0,0.0,0.0,0.0,0.0,288.6,0.0,0.0,0.0,0.0
3003004.0,28.13,-5.4,7.99,-5.4,1.0,45.0,1.0,37.5,11.25,0.0,0.0,0.0,0.0,0.0,0.0,0.0,0.0,0.0,0.0,37.5,0.0,0.0,0.0,0.0
3003017.0,127.13,-3.11,36.1,-24.41,1.01,203.4,1.0,169.5,50.85,0.0,0.0,0.0,0.0,0.0,0.0,0.0,0.0,0.0,0.0,169.5,0.0,0.0,0.0,0.0
3003020.0,112.5,-0.04,31.95,-21.6,1.03,180.0,1.0,150.0,45.0,0.0,0.0,0.0,0.0,0.0,0.0,0.0,0.0,0.0,0.0,150.0,0.0,0.0,0.0,0.0
3003028.0,150.0,30.9,42.6,-28.8,1.04,240.0,1.0,200.0,60.0,0.0,0.0,0.0,0.0,0.0,0.0,0.0,0.0,0.0,0.0,200.0,0.0,0.0,0.0,0.0
3003034.0,97.87,16.69,27.8,-18.79,1.03,156.6,1.0,130.5,39.15,0.0,0.0,0.0,0.0,0.0,0.0,0.0,0.0,0.0,0.0,130.5,0.0,0.0,0.0,0.0
3003039.0,156.75,32.46,44.52,-30.1,1.04,250.8,1.0,209.0,62.7,0.0,0.0,0.0,0.0,0.0,0.0,0.0,0.0,0.0,0.0,209.0,0.0,0.0,0.0,0.0
3003043.0,0.0,0.0,0.66,-0.14,1.04,1.56,0.0,1.3,0.39,0.0,0.0,0.0,0.0,0.0,0.0,0.0,0.0,0.65,0.0,1.3,0.0,0.0,0.0,0.0
3003044.0,0.0,0.0,45.5,-9.92,1.04,107.28,0.0,89.4,26.82,0.0,0.0,0.0,0.0,0.0,0.0,0.0,0.0,44.7,0.0,89.4,0.0,0.0,0.0,0.0
3003045.0,0.0,0.0,227.52,-49.62,1.04,536.4,0.0,447.0,134.1,0.0,0.0,0.0,0.0,0.0,0.0,0.0,0.0,140.69,0.0,447.0,0.0,0.0,0.0,0.0
3003048.0,180.75,51.33,51.33,-34.7,1.04,289.2,1.0,241.0,72.3,0.0,0.0,0.0,0.0,0.0,0.0,0.0,0.0,0.0,0.0,241.0,0.0,0.0,0.0,0.0
3003055.0,183.88,29.03,52.22,-35.3,1.04,294.2,1.0,245.17,73.55,0.0,0.0,0.0,0.0,0.0,0.0,0.0,0.0,0.0,0.0,245.17,0.0,0.0,0.0,0.0
3003056.0,183.88,20.55,52.22,-35.3,1.04,294.2,1.0,245.17,73.55,0.0,0.0,0.0,0.0,0.0,0.0,0.0,0.0,0.0,0.0,245.17,0.0,0.0,0.0,0.0
3003057.0,183.88,18.83,52.22,-35.3,1.04,294.2,1.0,245.17,73.55,0.0,0.0,0.0,0.0,0.0,0.0,0.0,0.0,0.0,0.0,245.17,0.0,0.0,0.0,0.0
3003060.0,124.22,10.79,35.28,-23.85,1.04,198.75,1.0,165.63,49.69,0.0,0.0,0.0,0.0,0.0,0.0,0.0,0.0,0.0,0.0,165.63,0.0,0.0,0.0,0.0
3003061.0,124.22,10.59,35.28,-23.85,1.04,198.75,1.0,165.63,49.69,0.0,0.0,0.0,0.0,0.0,0.0,0.0,0.0,0.0,0.0,165.63,0.0,0.0,0.0,0.0
3003062.0,124.22,12.87,35.28,-23.85,1.04,198.75,1.0,165.63,49.69,0.0,0.0,0.0,0.0,0.0,0.0,0.0,0.0,0.0,0.0,165.63,0.0,0.0,0.0,0.0
3003063.0,124.22,10.23,35.28,-23.85,1.04,198.75,1.0,165.63,49.69,0.0,0.0,0.0,0.0,0.0,0.0,0.0,0.0,0.0,0.0,165.63,0.0,0.0,0.0,0.0
3003065.0,60.37,-11.59,17.15,-11.59,1.0,96.6,1.0,80.5,24.15,0.0,0.0,0.0,0.0,0.0,0.0,0.0,0.0,0.0,0.0,80.5,0.0,0.0,0.0,0.0
3003068.0,112.5,22.42,31.95,-21.6,1.04,180.0,1.0,150.0,45.0,0.0,0.0,0.0,0.0,0.0,0.0,0.0,0.0,0.0,0.0,150.0,0.0,0.0,0.0,0.0
3003071.0,127.65,-24.51,36.25,-24.51,1.0,204.24,1.0,170.2,51.06,0.0,0.0,0.0,0.0,0.0,0.0,0.0,0.0,0.0,0.0,170.2,0.0,0.0,0.0,0.0
3003074.0,74.85,-7.15,21.26,-14.37,1.0,119.76,1.0,99.8,29.94,0.0,0.0,0.0,0.0,0.0,0.0,0.0,0.0,0.0,0.0,99.8,0.0,0.0,0.0,0.0
3003081.0,186.75,25.43,53.04,-35.86,1.04,298.8,1.0,249.0,74.7,0.0,0.0,0.0,0.0,0.0,0.0,0.0,0.0,0.0,0.0,249.0,0.0,0.0,0.0,0.0
3003084.0,174.37,-14.09,49.52,-33.48,1.0,279.0,1.0,232.5,69.75,0.0,0.0,0.0,0.0,0.0,0.0,0.0,0.0,0.0,0.0,232.5,0.0,0.0,0.0,0.0
3003086.0,56.25,-2.4,15.97,-10.8,1.0,90.0,1.0,75.0,22.5,0.0,0.0,0.0,0.0,0.0,0.0,0.0,0.0,0.0,0.0,75.0,0.0,0.0,0.0,0.0
3003087.0,0.0,0.0,15.97,-10.8,1.0,90.0,0.0,75.0,22.5,0.0,0.0,0.0,0.0,0.0,0.0,0.0,0.0,0.0,0.0,75.0,0.0,0.0,0.0,0.0
3003092.0,150.0,18.47,42.6,-28.8,1.04,240.0,1.0,200.0,60.0,0.0,0.0,0.0,0.0,0.0,0.0,0.0,0.0,0.0,0.0,200.0,0.0,0.0,0.0,0.0
3003095.0,90.45,17.28,25.69,-17.37,1.04,144.72,1.0,120.6,36.18,0.0,0.0,0.0,0.0,0.0,0.0,0.0,0.0,0.0,0.0,120.6,0.0,0.0,0.0,0.0
3003098.0,120.0,16.96,34.08,-23.04,1.04,192.0,1.0,160.0,48.0,0.0,0.0,0.0,0.0,0.0,0.0,0.0,0.0,0.0,0.0,160.0,0.0,0.0,0.0,0.0
3003105.0,44.5,-0.74,17.07,-0.74,1.0,18.0,1.0,44.5,0.0,0.0,0.0,0.0,0.0,0.0,0.0,0.0,0.0,0.0,0.0,15.0,0.0,0.0,0.0,0.0
3003106.0,53.02,-2.69,62.48,-2.69,1.0,65.88,1.0,18.5,0.0,0.0,0.0,0.0,0.0,0.0,0.0,0.0,0.0,0.0,0.0,54.9,0.0,0.0,0.0,0.0
3003110.0,63.0,11.52,17.89,-12.1,1.04,100.8,1.0,84.0,25.2,0.0,0.0,0.0,0.0,0.0,0.0,0.0,0.0,0.0,0.0,84.0,0.0,0.0,0.0,0.0
3003112.0,56.1,-4.0,15.93,-10.77,1.0,89.76,1.0,74.8,22.44,0.0,0.0,0.0,0.0,0.0,0.0,0.0,0.0,0.0,0.0,74.8,0.0,0.0,0.0,0.0
3003113.0,56.1,-3.31,15.93,-10.77,1.0,89.76,1.0,74.8,22.44,0.0,0.0,0.0,0.0,0.0,0.0,0.0,0.0,0.0,0.0,74.8,0.0,0.0,0.0,0.0
3003117.0,47.25,-5.59,13.42,-9.07,1.0,75.6,1.0,63.0,18.9,0.0,0.0,0.0,0.0,0.0,0.0,0.0,0.0,0.0,0.0,63.0,0.0,0.0,0.0,0.0
3003118.0,90.0,-9.26,25.56,-17.28,1.0,144.0,1.0,120.0,36.0,0.0,0.0,0.0,0.0,0.0,0.0,0.0,0.0,0.0,0.0,120.0,0.0,0.0,0.0,0.0
3003120.0,29.7,0.0,0.0,0.0,1.0,47.52,1.0,39.6,11.88,0.0,0.0,0.0,0.0,0.0,0.0,0.0,0.0,0.0,0.0,39.6,0.0,0.0,0.0,0.0
3003122.0,147.75,-14.42,41.96,-28.37,1.0,236.4,1.0,197.0,59.1,0.0,0.0,0.0,0.0,0.0,0.0,0.0,0.0,0.0,0.0,197.0,0.0,0.0,0.0,0.0
3003127.0,101.25,-19.44,28.76,-19.44,1.0,162.0,1.0,135.0,40.5,0.0,0.0,0.0,0.0,0.0,0.0,0.0,0.0,0.0,0.0,135.0,0.0,0.0,0.0,0.0
3003129.0,94.88,-18.22,26.94,-18.22,1.0,151.8,1.0,126.5,37.95,0.0,0.0,0.0,0.0,0.0,0.0,0.0,0.0,0.0,0.0,126.5,0.0,0.0,0.0,0.0
3003131.0,85.5,6.75,24.28,-16.42,1.02,136.8,1.0,114.0,34.2,0.0,0.0,0.0,0.0,0.0,0.0,0.0,0.0,0.0,0.0,114.0,0.0,0.0,0.0,0.0
3003133.0,0.0,0.0,26.11,-5.69,1.04,61.56,0.0,51.3,15.39,0.0,0.0,0.0,0.0,0.0,0.0,0.0,0.0,25.65,0.0,51.3,0.0,0.0,0.0,0.0
3003133.0,0.0,0.0,26.11,-5.69,1.04,61.56,0.0,51.3,15.39,0.0,0.0,0.0,0.0,0.0,0.0,0.0,0.0,25.65,0.0,51.3,0.0,0.0,0.0,0.0
3003133.0,0.0,0.0,26.11,-5.69,1.04,61.56,0.0,51.3,15.39,0.0,0.0,0.0,0.0,0.0,0.0,0.0,0.0,25.65,0.0,51.3,0.0,0.0,0.0,0.0
3003137.0,75.9,21.56,21.56,-14.57,1.03,121.44,1.0,101.2,30.36,0.0,0.0,0.0,0.0,0.0,0.0,0.0,0.0,0.0,0.0,101.2,0.0,0.0,0.0,0.0
3003141.0,68.62,-13.18,19.49,-13.18,1.0,109.8,1.0,91.5,27.45,0.0,0.0,0.0,0.0,0.0,0.0,0.0,0.0,0.0,0.0,91.5,0.0,0.0,0.0,0.0
3004010.0,151.2,9.12,42.94,-29.03,1.03,241.92,1.0,201.6,60.48,0.0,0.0,0.0,0.0,0.0,0.0,0.0,0.0,0.0,0.0,201.6,0.0,0.0,0.0,0.0
3004026.0,409.4,42.35,191.06,-50.02,1.03,492.0,1.0,410.0,123.0,0.0,0.0,0.0,0.0,0.0,0.0,0.0,0.0,146.06,0.0,410.0,0.0,0.0,0.0,0.0
3004030.0,465.83,-41.42,290.04,-75.93,1.01,746.88,1.0,622.4,186.72,0.0,0.0,0.0,0.0,0.0,0.0,0.0,0.0,194.19,0.0,622.4,0.0,0.0,0.0,0.0
3004045.0,93.4,5.86,35.86,-1.54,1.02,37.8,1.0,36.0,0.0,0.0,0.0,0.0,0.0,0.0,0.0,0.0,0.0,0.0,0.0,31.5,0.0,0.0,0.0,0.0
3004046.0,28.5,0.91,10.94,-0.47,1.02,11.52,1.0,9.6,0.0,0.0,0.0,0.0,0.0,0.0,0.0,0.0,0.0,0.0,0.0,9.6,0.0,0.0,0.0,0.0
3004047.0,27.48,0.6,75.1,-3.23,1.02,79.2,1.0,195.7,0.0,0.0,0.0,0.0,0.0,0.0,0.0,0.0,0.0,97.85,0.0,66.0,0.0,0.0,0.0,0.0
3004050.0,150.0,-28.8,42.6,-28.8,1.0,240.0,1.0,200.0,60.0,0.0,0.0,0.0,0.0,0.0,0.0,0.0,0.0,0.0,0.0,200.0,0.0,0.0,0.0,0.0
3004052.0,44.13,22.5,22.5,-4.91,1.04,53.04,1.0,44.2,13.26,0.0,0.0,0.0,0.0,0.0,0.0,0.0,0.0,22.1,0.0,44.2,0.0,0.0,0.0,0.0
3004058.0,100.82,14.7,73.3,-15.98,1.03,172.8,1.0,144.0,43.2,0.0,0.0,0.0,0.0,0.0,0.0,0.0,0.0,72.0,0.0,144.0,0.0,0.0,0.0,0.0
3004059.0,85.3,15.12,73.3,-15.98,1.03,172.8,1.0,144.0,43.2,0.0,0.0,0.0,0.0,0.0,0.0,0.0,0.0,72.0,0.0,144.0,0.0,0.0,0.0,0.0
3004060.0,125.62,12.99,73.3,-15.98,1.03,172.8,1.0,144.0,43.2,0.0,0.0,0.0,0.0,0.0,0.0,0.0,0.0,72.0,0.0,144.0,0.0,0.0,0.0,0.0
3004061.0,150.33,16.74,87.72,-19.13,1.03,206.8,1.0,172.33,51.7,0.0,0.0,0.0,0.0,0.0,0.0,0.0,0.0,86.17,0.0,172.33,0.0,0.0,0.0,0.0
3004062.0,172.08,14.76,87.72,-19.13,1.03,206.8,1.0,172.33,51.7,0.0,0.0,0.0,0.0,0.0,0.0,0.0,0.0,86.17,0.0,172.33,0.0,0.0,0.0,0.0
3004063.0,126.2,16.97,87.72,-19.13,1.03,206.8,1.0,172.33,51.7,0.0,0.0,0.0,0.0,0.0,0.0,0.0,0.0,86.17,0.0,172.33,0.0,0.0,0.0,0.0
3004065.0,46.93,9.84,23.92,-5.22,1.02,56.4,1.0,47.0,14.1,0.0,0.0,0.0,0.0,0.0,0.0,0.0,0.0,23.5,0.0,47.0,0.0,0.0,0.0,0.0
3004075.0,0.0,0.0,89.75,-19.57,1.03,211.6,0.0,176.33,52.9,0.0,0.0,0.0,0.0,0.0,0.0,0.0,0.0,88.17,0.0,176.33,0.0,0.0,0.0,0.0
3004076.0,176.07,22.29,89.75,-19.57,1.03,211.6,1.0,176.33,52.9,0.0,0.0,0.0,0.0,0.0,0.0,0.0,0.0,88.17,0.0,176.33,0.0,0.0,0.0,0.0
3004077.0,98.55,16.9,89.75,-19.57,1.03,211.6,1.0,176.33,52.9,0.0,0.0,0.0,0.0,0.0,0.0,0.0,0.0,88.17,0.0,176.33,0.0,0.0,0.0,0.0
3004082.0,243.04,26.69,123.89,-27.02,1.04,292.08,1.0,243.4,73.02,0.0,0.0,0.0,0.0,0.0,0.0,0.0,0.0,113.78,0.0,243.4,0.0,0.0,0.0,0.0
3004083.0,243.04,27.21,123.89,-27.02,1.04,292.08,1.0,243.4,73.02,0.0,0.0,0.0,0.0,0.0,0.0,0.0,0.0,113.78,0.0,243.4,0.0,0.0,0.0,0.0
3004084.0,243.04,40.3,123.89,-27.02,1.04,292.08,1.0,243.4,73.02,0.0,0.0,0.0,0.0,0.0,0.0,0.0,0.0,113.78,0.0,243.4,0.0,0.0,0.0,0.0
3004085.0,171.03,41.93,179.17,-39.07,1.04,422.4,1.0,352.0,105.6,0.0,0.0,0.0,0.0,0.0,0.0,0.0,0.0,135.87,0.0,352.0,0.0,0.0,0.0,0.0
3004090.0,0.0,0.0,0.65,-0.17,1.01,1.68,0.0,1.4,0.42,0.0,0.0,0.0,0.0,0.0,0.0,0.0,0.0,0.56,0.0,1.4,0.0,0.0,0.0,0.0
3004091.0,23.47,-1.01,10.95,-2.87,1.01,28.2,1.0,23.5,7.05,0.0,0.0,0.0,0.0,0.0,0.0,0.0,0.0,9.4,0.0,23.5,0.0,0.0,0.0,0.0
3004092.0,0.0,0.0,3.54,-0.93,1.01,9.12,0.0,7.6,2.28,0.0,0.0,0.0,0.0,0.0,0.0,0.0,0.0,3.04,0.0,7.6,0.0,0.0,0.0,0.0
3004093.0,27.96,-1.55,13.05,-3.42,1.01,33.6,1.0,28.0,8.4,0.0,0.0,0.0,0.0,0.0,0.0,0.0,0.0,11.2,0.0,28.0,0.0,0.0,0.0,0.0
3004094.0,27.96,-2.66,13.05,-3.42,1.01,33.6,1.0,28.0,8.4,0.0,0.0,0.0,0.0,0.0,0.0,0.0,0.0,11.2,0.0,28.0,0.0,0.0,0.0,0.0
3004095.0,27.96,-1.57,13.05,-3.42,1.01,33.6,1.0,28.0,8.4,0.0,0.0,0.0,0.0,0.0,0.0,0.0,0.0,11.2,0.0,28.0,0.0,0.0,0.0,0.0
3004096.0,0.0,0.0,13.05,-3.42,1.01,33.6,0.0,28.0,8.4,0.0,0.0,0.0,0.0,0.0,0.0,0.0,0.0,11.2,0.0,28.0,0.0,0.0,0.0,0.0
3004097.0,27.96,-1.41,13.05,-3.42,1.01,33.6,1.0,28.0,8.4,0.0,0.0,0.0,0.0,0.0,0.0,0.0,0.0,11.2,0.0,28.0,0.0,0.0,0.0,0.0
3004098.0,0.0,0.0,13.05,-3.42,1.01,33.6,0.0,28.0,8.4,0.0,0.0,0.0,0.0,0.0,0.0,0.0,0.0,11.2,0.0,28.0,0.0,0.0,0.0,0.0
3004105.0,135.0,13.1,38.34,-25.92,1.01,216.0,1.0,180.0,54.0,0.0,0.0,0.0,0.0,0.0,0.0,0.0,0.0,0.0,0.0,180.0,0.0,0.0,0.0,0.0
3004115.0,131.61,25.73,67.09,-14.63,1.04,158.16,1.0,131.8,39.54,0.0,0.0,0.0,0.0,0.0,0.0,0.0,0.0,65.9,0.0,131.8,0.0,0.0,0.0,0.0
3004116.0,124.88,23.21,67.09,-14.63,1.04,158.16,1.0,131.8,39.54,0.0,0.0,0.0,0.0,0.0,0.0,0.0,0.0,65.9,0.0,131.8,0.0,0.0,0.0,0.0
3004133.0,0.0,0.0,17.1,-3.73,1.0,40.32,0.0,33.6,10.08,0.0,0.0,0.0,0.0,0.0,0.0,0.0,0.0,16.8,0.0,33.6,0.0,0.0,0.0,0.0
3004134.0,10.49,-3.73,17.1,-3.73,1.0,40.32,1.0,33.6,10.08,0.0,0.0,0.0,0.0,0.0,0.0,0.0,0.0,16.8,0.0,33.6,0.0,0.0,0.0,0.0
3004135.0,10.49,-3.73,17.1,-3.73,1.0,40.32,1.0,33.6,10.08,0.0,0.0,0.0,0.0,0.0,0.0,0.0,0.0,16.8,0.0,33.6,0.0,0.0,0.0,0.0
3004136.0,10.49,-3.73,17.1,-3.73,1.0,40.32,1.0,33.6,10.08,0.0,0.0,0.0,0.0,0.0,0.0,0.0,0.0,16.8,0.0,33.6,0.0,0.0,0.0,0.0
3004137.0,0.0,0.0,34.2,-7.46,1.0,80.64,0.0,67.2,20.16,0.0,0.0,0.0,0.0,0.0,0.0,0.0,0.0,33.6,0.0,67.2,0.0,0.0,0.0,0.0
3004138.0,0.0,0.0,33.59,-7.33,1.0,79.2,0.0,66.0,19.8,0.0,0.0,0.0,0.0,0.0,0.0,0.0,0.0,33.0,0.0,66.0,0.0,0.0,0.0,0.0
3004142.0,141.0,26.2,40.04,-27.07,1.04,225.6,1.0,188.0,56.4,0.0,0.0,0.0,0.0,0.0,0.0,0.0,0.0,0.0,0.0,188.0,0.0,0.0,0.0,0.0
3004153.0,212.4,60.32,60.32,-40.78,1.04,339.84,1.0,283.2,84.96,0.0,0.0,0.0,0.0,0.0,0.0,0.0,0.0,0.0,0.0,283.2,0.0,0.0,0.0,0.0
3004160.0,197.48,55.67,100.66,-21.95,1.03,237.32,1.0,197.77,59.33,0.0,0.0,0.0,0.0,0.0,0.0,0.0,0.0,98.89,0.0,197.77,0.0,0.0,0.0,0.0
3004161.0,89.46,23.49,100.66,-21.95,1.03,237.32,1.0,197.77,59.33,0.0,0.0,0.0,0.0,0.0,0.0,0.0,0.0,98.89,0.0,197.77,0.0,0.0,0.0,0.0
3004162.0,114.14,22.39,100.66,-21.95,1.03,237.32,1.0,197.77,59.33,0.0,0.0,0.0,0.0,0.0,0.0,0.0,0.0,98.89,0.0,197.77,0.0,0.0,0.0,0.0
3004163.0,0.0,0.0,4.58,-1.0,1.03,10.8,0.0,9.0,2.7,0.0,0.0,0.0,0.0,0.0,0.0,0.0,0.0,4.5,0.0,9.0,0.0,0.0,0.0,0.0
3004166.0,150.75,-28.94,42.81,-28.94,1.0,241.2,1.0,201.0,60.3,0.0,0.0,0.0,0.0,0.0,0.0,0.0,0.0,0.0,0.0,201.0,0.0,0.0,0.0,0.0
3004177.0,112.5,-0.15,31.95,-21.6,1.04,180.0,1.0,150.0,45.0,0.0,0.0,0.0,0.0,0.0,0.0,0.0,0.0,0.0,0.0,150.0,0.0,0.0,0.0,0.0
3004181.0,150.07,42.62,42.62,-28.81,1.04,240.12,1.0,200.1,60.03,0.0,0.0,0.0,0.0,0.0,0.0,0.0,0.0,0.0,0.0,200.1,0.0,0.0,0.0,0.0
3004183.0,152.25,43.24,43.24,-29.23,1.03,243.6,1.0,203.0,60.9,0.0,0.0,0.0,0.0,0.0,0.0,0.0,0.0,0.0,0.0,203.0,0.0,0.0,0.0,0.0
3004192.0,74.89,12.56,38.17,-8.33,1.02,90.0,1.0,75.0,22.5,0.0,0.0,0.0,0.0,0.0,0.0,0.0,0.0,37.5,0.0,75.0,0.0,0.0,0.0,0.0
3004192.0,183.5,12.56,93.54,-20.4,1.02,220.52,1.0,183.77,55.13,0.0,0.0,0.0,0.0,0.0,0.0,0.0,0.0,91.89,0.0,183.77,0.0,0.0,0.0,0.0
3004192.0,0.0,0.0,12.22,-2.66,1.02,28.8,0.0,24.0,7.2,0.0,0.0,0.0,0.0,0.0,0.0,0.0,0.0,12.0,0.0,24.0,0.0,0.0,0.0,0.0
3004192.0,60.91,12.56,31.05,-6.77,1.02,73.2,1.0,61.0,18.3,0.0,0.0,0.0,0.0,0.0,0.0,0.0,0.0,30.5,0.0,61.0,0.0,0.0,0.0,0.0
3004192.0,10.38,5.29,5.29,-1.15,1.02,12.48,1.0,10.4,3.12,0.0,0.0,0.0,0.0,0.0,0.0,0.0,0.0,5.2,0.0,10.4,0.0,0.0,0.0,0.0
3004192.0,138.74,12.56,135.9,-29.64,1.02,320.4,1.0,267.0,80.1,0.0,0.0,0.0,0.0,0.0,0.0,0.0,0.0,120.08,0.0,267.0,0.0,0.0,0.0,0.0
3004192.0,158.16,12.56,135.9,-29.64,1.02,320.4,1.0,267.0,80.1,0.0,0.0,0.0,0.0,0.0,0.0,0.0,0.0,120.08,0.0,267.0,0.0,0.0,0.0,0.0
3004192.0,158.16,12.56,135.9,-29.64,1.02,320.4,1.0,267.0,80.1,0.0,0.0,0.0,0.0,0.0,0.0,0.0,0.0,120.08,0.0,267.0,0.0,0.0,0.0,0.0
3004192.0,183.5,12.56,93.54,-20.4,1.02,220.52,1.0,183.77,55.13,0.0,0.0,0.0,0.0,0.0,0.0,0.0,0.0,91.89,0.0,183.77,0.0,0.0,0.0,0.0
3004192.0,183.5,12.56,93.54,-20.4,1.02,220.52,1.0,183.77,55.13,0.0,0.0,0.0,0.0,0.0,0.0,0.0,0.0,91.89,0.0,183.77,0.0,0.0,0.0,0.0
3004194.0,151.2,42.94,42.94,-29.03,1.02,241.92,1.0,201.6,60.48,0.0,0.0,0.0,0.0,0.0,0.0,0.0,0.0,0.0,0.0,201.6,0.0,0.0,0.0,0.0
3004195.0,69.0,-13.25,19.6,-13.25,1.0,110.4,1.0,92.0,27.6,0.0,0.0,0.0,0.0,0.0,0.0,0.0,0.0,0.0,0.0,92.0,0.0,0.0,0.0,0.0
3005020.0,90.0,-17.28,25.56,-17.28,1.0,144.0,1.0,120.0,36.0,0.0,0.0,0.0,0.0,0.0,0.0,0.0,0.0,0.0,0.0,120.0,0.0,0.0,0.0,0.0
3005023.0,0.0,0.0,2.44,-0.53,1.04,5.76,0.0,4.8,1.44,0.0,0.0,0.0,0.0,0.0,0.0,0.0,0.0,2.4,0.0,4.8,0.0,0.0,0.0,0.0
3005035.0,0.0,0.0,2.14,-0.47,1.02,5.04,0.0,4.2,1.26,0.0,0.0,0.0,0.0,0.0,0.0,0.0,0.0,2.1,0.0,4.2,0.0,0.0,0.0,0.0
3005036.0,0.0,0.0,3.26,-0.71,1.02,7.68,0.0,6.4,1.92,0.0,0.0,0.0,0.0,0.0,0.0,0.0,0.0,3.2,0.0,6.4,0.0,0.0,0.0,0.0
3005037.0,96.35,16.88,157.01,-34.24,1.02,370.16,1.0,308.47,92.54,0.0,0.0,0.0,0.0,0.0,0.0,0.0,0.0,129.14,0.0,308.47,0.0,0.0,0.0,0.0
3005038.0,96.35,16.55,157.01,-34.24,1.02,370.16,1.0,308.47,92.54,0.0,0.0,0.0,0.0,0.0,0.0,0.0,0.0,129.14,0.0,308.47,0.0,0.0,0.0,0.0
3005039.0,96.35,37.47,157.01,-34.24,1.02,370.16,1.0,308.47,92.54,0.0,0.0,0.0,0.0,0.0,0.0,0.0,0.0,129.14,0.0,308.47,0.0,0.0,0.0,0.0
3005040.0,96.35,11.89,157.01,-34.24,1.02,370.16,1.0,308.47,92.54,0.0,0.0,0.0,0.0,0.0,0.0,0.0,0.0,129.14,0.0,308.47,0.0,0.0,0.0,0.0
3005041.0,96.35,17.4,157.01,-34.24,1.02,370.16,1.0,308.47,92.54,0.0,0.0,0.0,0.0,0.0,0.0,0.0,0.0,129.14,0.0,308.47,0.0,0.0,0.0,0.0
3005042.0,96.35,15.52,157.01,-34.24,1.02,370.16,1.0,308.47,92.54,0.0,0.0,0.0,0.0,0.0,0.0,0.0,0.0,129.14,0.0,308.47,0.0,0.0,0.0,0.0
3005051.0,84.58,35.75,43.11,-9.4,1.02,101.64,1.0,84.7,25.41,0.0,0.0,0.0,0.0,0.0,0.0,0.0,0.0,42.35,0.0,84.7,0.0,0.0,0.0,0.0
3005057.0,0.0,0.0,161.53,-35.23,1.0,380.82,0.0,317.35,95.2,0.0,0.0,0.0,0.0,0.0,0.0,0.0,0.0,130.74,0.0,317.35,0.0,0.0,0.0,0.0
3005058.0,253.85,-35.23,161.53,-35.23,1.0,380.82,1.0,317.35,95.2,0.0,0.0,0.0,0.0,0.0,0.0,0.0,0.0,130.74,0.0,317.35,0.0,0.0,0.0,0.0
3005065.0,10.58,5.4,5.4,-1.18,1.03,12.72,1.0,10.6,3.18,0.0,0.0,0.0,0.0,0.0,0.0,0.0,0.0,5.3,0.0,10.6,0.0,0.0,0.0,0.0
3005066.0,0.0,0.0,0.92,-0.2,1.03,2.16,0.0,1.8,0.54,0.0,0.0,0.0,0.0,0.0,0.0,0.0,0.0,0.9,0.0,1.8,0.0,0.0,0.0,0.0
3005067.0,437.62,106.81,223.08,-48.65,1.03,525.92,1.0,438.27,131.48,0.0,0.0,0.0,0.0,0.0,0.0,0.0,0.0,140.82,0.0,438.27,0.0,0.0,0.0,0.0
3005068.0,437.62,100.32,223.08,-48.65,1.03,525.92,1.0,438.27,131.48,0.0,0.0,0.0,0.0,0.0,0.0,0.0,0.0,140.82,0.0,438.27,0.0,0.0,0.0,0.0
3005069.0,437.62,94.11,223.08,-48.65,1.03,525.92,1.0,438.27,131.48,0.0,0.0,0.0,0.0,0.0,0.0,0.0,0.0,140.82,0.0,438.27,0.0,0.0,0.0,0.0
3005089.0,0.0,0.0,47.57,-2.05,1.01,50.16,0.0,123.9,0.0,0.0,0.0,0.0,0.0,0.0,0.0,0.0,0.0,61.95,0.0,41.8,0.0,0.0,0.0,0.0
3005106.0,0.0,0.0,5.03,-1.32,1.04,12.96,0.0,10.8,3.24,0.0,0.0,0.0,0.0,0.0,0.0,0.0,0.0,4.32,0.0,10.8,0.0,0.0,0.0,0.0
3005107.0,0.0,0.0,2.66,-0.7,1.04,6.84,0.0,5.7,1.71,0.0,0.0,0.0,0.0,0.0,0.0,0.0,0.0,2.28,0.0,5.7,0.0,0.0,0.0,0.0
3005166.0,126.31,64.39,64.39,-14.04,1.04,151.8,1.0,126.5,37.95,0.0,0.0,0.0,0.0,0.0,0.0,0.0,0.0,63.25,0.0,126.5,0.0,0.0,0.0,0.0
3005167.0,1.6,0.81,0.81,-0.18,1.04,1.92,1.0,1.6,0.48,0.0,0.0,0.0,0.0,0.0,0.0,0.0,0.0,0.8,0.0,1.6,0.0,0.0,0.0,0.0
3005170.0,45.0,-8.64,12.78,-8.64,1.0,72.0,1.0,60.0,18.0,0.0,0.0,0.0,0.0,0.0,0.0,0.0,0.0,0.0,0.0,60.0,0.0,0.0,0.0,0.0
3005198.0,112.5,-21.6,31.95,-21.6,1.0,180.0,1.0,150.0,45.0,0.0,0.0,0.0,0.0,0.0,0.0,0.0,0.0,0.0,0.0,150.0,0.0,0.0,0.0,0.0
3005206.0,209.21,9.89,126.57,-27.6,1.01,298.4,1.0,248.67,74.6,0.0,0.0,0.0,0.0,0.0,0.0,0.0,0.0,115.26,0.0,248.67,0.0,0.0,0.0,0.0
3005207.0,182.11,15.95,126.57,-27.6,1.01,298.4,1.0,248.67,74.6,0.0,0.0,0.0,0.0,0.0,0.0,0.0,0.0,115.26,0.0,248.67,0.0,0.0,0.0,0.0
3005208.0,182.11,13.07,126.57,-27.6,1.01,298.4,1.0,248.67,74.6,0.0,0.0,0.0,0.0,0.0,0.0,0.0,0.0,115.26,0.0,248.67,0.0,0.0,0.0,0.0
3005238.0,168.75,-32.4,47.93,-32.4,1.0,270.0,1.0,225.0,67.5,0.0,0.0,0.0,0.0,0.0,0.0,0.0,0.0,0.0,0.0,225.0,0.0,0.0,0.0,0.0
3005243.0,112.5,-21.6,31.95,-21.6,1.0,180.0,1.0,150.0,45.0,0.0,0.0,0.0,0.0,0.0,0.0,0.0,0.0,0.0,0.0,150.0,0.0,0.0,0.0,0.0
3005262.0,1213.21,-13.0,447.12,-99.63,1.01,1458.0,1.0,1215.0,364.5,0.0,0.0,0.0,0.0,0.0,0.0,0.0,0.0,0.0,0.0,1215.0,0.0,0.0,0.0,0.0
3005263.0,1034.26,-45.3,447.12,-99.63,1.01,1458.0,1.0,1215.0,364.5,0.0,0.0,0.0,0.0,0.0,0.0,0.0,0.0,0.0,0.0,1215.0,0.0,0.0,0.0,0.0
3005281.0,267.34,-29.72,136.28,-29.72,1.0,321.28,1.0,267.73,80.32,0.0,0.0,0.0,0.0,0.0,0.0,0.0,0.0,120.26,0.0,267.73,0.0,0.0,0.0,0.0
3005282.0,267.34,-29.72,136.28,-29.72,1.0,321.28,1.0,267.73,80.32,0.0,0.0,0.0,0.0,0.0,0.0,0.0,0.0,120.26,0.0,267.73,0.0,0.0,0.0,0.0
3005283.0,0.0,0.0,136.28,-29.72,1.0,321.28,0.0,267.73,80.32,0.0,0.0,0.0,0.0,0.0,0.0,0.0,0.0,120.26,0.0,267.73,0.0,0.0,0.0,0.0
3005297.0,0.0,0.0,1.63,-0.36,1.04,3.84,0.0,3.2,0.96,0.0,0.0,0.0,0.0,0.0,0.0,0.0,0.0,1.6,0.0,3.2,0.0,0.0,0.0,0.0
3005298.0,114.83,58.53,58.53,-12.76,1.04,138.0,1.0,115.0,34.5,0.0,0.0,0.0,0.0,0.0,0.0,0.0,0.0,57.5,0.0,115.0,0.0,0.0,0.0,0.0
3005299.0,114.83,58.53,58.53,-12.76,1.04,138.0,1.0,115.0,34.5,0.0,0.0,0.0,0.0,0.0,0.0,0.0,0.0,57.5,0.0,115.0,0.0,0.0,0.0,0.0
3005300.0,114.83,58.53,58.53,-12.76,1.04,138.0,1.0,115.0,34.5,0.0,0.0,0.0,0.0,0.0,0.0,0.0,0.0,57.5,0.0,115.0,0.0,0.0,0.0,0.0
3005301.0,82.58,42.09,42.09,-9.18,1.04,99.24,1.0,82.7,24.81,0.0,0.0,0.0,0.0,0.0,0.0,0.0,0.0,41.35,0.0,82.7,0.0,0.0,0.0,0.0
3005302.0,463.07,116.59,236.05,-51.48,1.04,556.5,1.0,463.75,139.13,0.0,0.0,0.0,0.0,0.0,0.0,0.0,0.0,140.14,0.0,463.75,0.0,0.0,0.0,0.0
3005303.0,463.07,150.38,236.05,-51.48,1.04,556.5,1.0,463.75,139.13,0.0,0.0,0.0,0.0,0.0,0.0,0.0,0.0,140.14,0.0,463.75,0.0,0.0,0.0,0.0
3005319.0,82.08,-18.34,133.77,-29.17,1.01,315.36,1.0,262.8,78.84,0.0,0.0,0.0,0.0,0.0,0.0,0.0,0.0,119.02,0.0,262.8,0.0,0.0,0.0,0.0
3005320.0,0.0,0.0,133.77,-29.17,1.01,315.36,0.0,262.8,78.84,0.0,0.0,0.0,0.0,0.0,0.0,0.0,0.0,119.02,0.0,262.8,0.0,0.0,0.0,0.0
3005321.0,82.08,-19.32,133.77,-29.17,1.01,315.36,1.0,262.8,78.84,0.0,0.0,0.0,0.0,0.0,0.0,0.0,0.0,119.02,0.0,262.8,0.0,0.0,0.0,0.0
3005324.0,283.65,98.39,144.59,-31.53,1.04,340.88,1.0,284.07,85.22,0.0,0.0,0.0,0.0,0.0,0.0,0.0,0.0,124.12,0.0,284.07,0.0,0.0,0.0,0.0
3005325.0,283.65,100.45,144.59,-31.53,1.04,340.88,1.0,284.07,85.22,0.0,0.0,0.0,0.0,0.0,0.0,0.0,0.0,124.12,0.0,284.07,0.0,0.0,0.0,0.0
3005326.0,283.65,144.59,144.59,-31.53,1.04,340.88,1.0,284.07,85.22,0.0,0.0,0.0,0.0,0.0,0.0,0.0,0.0,124.12,0.0,284.07,0.0,0.0,0.0,0.0
3005342.0,8.4,3.2,3.2,-0.14,1.04,3.36,1.0,3.6,0.0,0.0,0.0,0.0,0.0,0.0,0.0,0.0,0.0,0.0,0.0,2.8,0.0,0.0,0.0,0.0
3005343.0,207.5,44.35,79.67,-3.43,1.04,84.0,1.0,207.5,0.0,0.0,0.0,0.0,0.0,0.0,0.0,0.0,0.0,102.58,0.0,70.0,0.0,0.0,0.0,0.0
3005360.0,1006.51,-64.49,469.73,-122.98,1.01,1209.6,1.0,1008.0,302.4,0.0,0.0,0.0,0.0,0.0,0.0,0.0,0.0,233.52,0.0,1008.0,0.0,0.0,0.0,0.0
3005363.0,10.38,-1.15,5.29,-1.15,1.0,12.48,1.0,10.4,3.12,0.0,0.0,0.0,0.0,0.0,0.0,0.0,0.0,5.2,0.0,10.4,0.0,0.0,0.0,0.0
3005364.0,213.02,-23.68,108.59,-23.68,1.0,256.0,1.0,213.33,64.0,0.0,0.0,0.0,0.0,0.0,0.0,0.0,0.0,104.53,0.0,213.33,0.0,0.0,0.0,0.0
3005365.0,213.02,-23.68,108.59,-23.68,1.0,256.0,1.0,213.33,64.0,0.0,0.0,0.0,0.0,0.0,0.0,0.0,0.0,104.53,0.0,213.33,0.0,0.0,0.0,0.0
3005366.0,213.02,-23.68,108.59,-23.68,1.0,256.0,1.0,213.33,64.0,0.0,0.0,0.0,0.0,0.0,0.0,0.0,0.0,104.53,0.0,213.33,0.0,0.0,0.0,0.0
3005367.0,213.02,-23.68,108.59,-23.68,1.0,256.0,1.0,213.33,64.0,0.0,0.0,0.0,0.0,0.0,0.0,0.0,0.0,104.53,0.0,213.33,0.0,0.0,0.0,0.0
3005368.0,213.02,-23.68,108.59,-23.68,1.0,256.0,1.0,213.33,64.0,0.0,0.0,0.0,0.0,0.0,0.0,0.0,0.0,104.53,0.0,213.33,0.0,0.0,0.0,0.0
3005369.0,213.02,-23.68,108.59,-23.68,1.0,256.0,1.0,213.33,64.0,0.0,0.0,0.0,0.0,0.0,0.0,0.0,0.0,104.53,0.0,213.33,0.0,0.0,0.0,0.0
3005382.0,65.28,106.38,106.38,-23.2,1.04,250.8,1.0,209.0,62.7,0.0,0.0,0.0,0.0,0.0,0.0,0.0,0.0,103.09,0.0,209.0,0.0,0.0,0.0,0.0
3005383.0,65.28,106.38,106.38,-23.2,1.04,250.8,1.0,209.0,62.7,0.0,0.0,0.0,0.0,0.0,0.0,0.0,0.0,103.09,0.0,209.0,0.0,0.0,0.0,0.0
3005399.0,124.2,35.27,35.27,-23.85,1.04,198.72,1.0,165.6,49.68,0.0,0.0,0.0,0.0,0.0,0.0,0.0,0.0,0.0,0.0,165.6,0.0,0.0,0.0,0.0
3005403.0,89.27,45.5,45.5,-9.92,1.03,107.28,1.0,89.4,26.82,0.0,0.0,0.0,0.0,0.0,0.0,0.0,0.0,44.7,0.0,89.4,0.0,0.0,0.0,0.0
3005404.0,77.99,45.5,45.5,-9.92,1.03,107.28,1.0,89.4,26.82,0.0,0.0,0.0,0.0,0.0,0.0,0.0,0.0,44.7,0.0,89.4,0.0,0.0,0.0,0.0
3005405.0,85.53,45.5,45.5,-9.92,1.03,107.28,1.0,89.4,26.82,0.0,0.0,0.0,0.0,0.0,0.0,0.0,0.0,44.7,0.0,89.4,0.0,0.0,0.0,0.0
3005406.0,89.27,45.5,45.5,-9.92,1.03,107.28,1.0,89.4,26.82,0.0,0.0,0.0,0.0,0.0,0.0,0.0,0.0,44.7,0.0,89.4,0.0,0.0,0.0,0.0
3005415.0,121.82,-13.54,62.1,-13.54,1.0,146.4,1.0,122.0,36.6,0.0,0.0,0.0,0.0,0.0,0.0,0.0,0.0,61.0,0.0,122.0,0.0,0.0,0.0,0.0
3005416.0,121.82,-13.54,62.1,-13.54,1.0,146.4,1.0,122.0,36.6,0.0,0.0,0.0,0.0,0.0,0.0,0.0,0.0,61.0,0.0,122.0,0.0,0.0,0.0,0.0
3005417.0,121.82,-13.54,62.1,-13.54,1.0,146.4,1.0,122.0,36.6,0.0,0.0,0.0,0.0,0.0,0.0,0.0,0.0,61.0,0.0,122.0,0.0,0.0,0.0,0.0
3005418.0,118.62,-13.19,60.47,-13.19,1.0,142.56,1.0,118.8,35.64,0.0,0.0,0.0,0.0,0.0,0.0,0.0,0.0,59.4,0.0,118.8,0.0,0.0,0.0,0.0
3005419.0,118.62,-13.19,60.47,-13.19,1.0,142.56,1.0,118.8,35.64,0.0,0.0,0.0,0.0,0.0,0.0,0.0,0.0,59.4,0.0,118.8,0.0,0.0,0.0,0.0
3005423.0,12.38,-1.38,6.31,-1.38,1.0,14.88,1.0,12.4,3.72,0.0,0.0,0.0,0.0,0.0,0.0,0.0,0.0,6.2,0.0,12.4,0.0,0.0,0.0,0.0
3005424.0,0.0,0.0,1.63,-0.36,1.0,3.84,0.0,3.2,0.96,0.0,0.0,0.0,0.0,0.0,0.0,0.0,0.0,1.6,0.0,3.2,0.0,0.0,0.0,0.0
3005444.0,0.0,0.0,147.1,-32.08,1.01,346.8,0.0,289.0,86.7,0.0,0.0,0.0,0.0,0.0,0.0,0.0,0.0,125.21,0.0,289.0,0.0,0.0,0.0,0.0
3005444.0,0.0,0.0,147.1,-32.08,1.01,346.8,0.0,289.0,86.7,0.0,0.0,0.0,0.0,0.0,0.0,0.0,0.0,125.21,0.0,289.0,0.0,0.0,0.0,0.0
3005444.0,0.0,0.0,147.1,-32.08,1.01,346.8,0.0,289.0,86.7,0.0,0.0,0.0,0.0,0.0,0.0,0.0,0.0,125.21,0.0,289.0,0.0,0.0,0.0,0.0
3005444.0,288.57,-32.08,147.1,-32.08,1.01,346.8,1.0,289.0,86.7,0.0,0.0,0.0,0.0,0.0,0.0,0.0,0.0,125.21,0.0,289.0,0.0,0.0,0.0,0.0
3005444.0,288.57,-32.08,147.1,-32.08,1.01,346.8,1.0,289.0,86.7,0.0,0.0,0.0,0.0,0.0,0.0,0.0,0.0,125.21,0.0,289.0,0.0,0.0,0.0,0.0
3005444.0,0.0,0.0,147.1,-32.08,1.01,346.8,0.0,289.0,86.7,0.0,0.0,0.0,0.0,0.0,0.0,0.0,0.0,125.21,0.0,289.0,0.0,0.0,0.0,0.0
3005444.0,141.09,-15.68,71.92,-15.68,1.01,169.56,1.0,141.3,42.39,0.0,0.0,0.0,0.0,0.0,0.0,0.0,0.0,70.65,0.0,141.3,0.0,0.0,0.0,0.0
3005444.0,141.09,-15.68,71.92,-15.68,1.01,169.56,1.0,141.3,42.39,0.0,0.0,0.0,0.0,0.0,0.0,0.0,0.0,70.65,0.0,141.3,0.0,0.0,0.0,0.0
3006006.0,212.69,53.6,108.42,-23.64,1.04,255.6,1.0,213.0,63.9,0.0,0.0,0.0,0.0,0.0,0.0,0.0,0.0,104.42,0.0,213.0,0.0,0.0,0.0,0.0
3006007.0,0.0,0.0,216.83,-47.29,1.04,511.2,0.0,426.0,127.8,0.0,0.0,0.0,0.0,0.0,0.0,0.0,0.0,140.79,0.0,426.0,0.0,0.0,0.0,0.0
3006008.0,198.04,47.36,100.95,-22.01,1.04,238.0,1.0,198.33,59.5,0.0,0.0,0.0,0.0,0.0,0.0,0.0,0.0,99.17,0.0,198.33,0.0,0.0,0.0,0.0
3006009.0,198.04,29.99,100.95,-22.01,1.04,238.0,1.0,198.33,59.5,0.0,0.0,0.0,0.0,0.0,0.0,0.0,0.0,99.17,0.0,198.33,0.0,0.0,0.0,0.0
3006010.0,198.04,39.7,100.95,-22.01,1.04,238.0,1.0,198.33,59.5,0.0,0.0,0.0,0.0,0.0,0.0,0.0,0.0,99.17,0.0,198.33,0.0,0.0,0.0,0.0
3006041.0,0.0,20.48,20.48,-0.88,1.04,21.6,1.0,17.0,0.0,0.0,0.0,0.0,0.0,0.0,0.0,0.0,0.0,0.0,0.0,18.0,0.0,0.0,0.0,0.0
3006042.0,0.0,34.46,122.91,-5.29,1.04,129.6,1.0,320.2,0.0,0.0,0.0,0.0,0.0,0.0,0.0,0.0,0.0,131.23,0.0,108.0,0.0,0.0,0.0,0.0
3006048.0,0.0,0.0,1.73,-0.38,1.04,4.08,0.0,3.4,1.02,0.0,0.0,0.0,0.0,0.0,0.0,0.0,0.0,1.7,0.0,3.4,0.0,0.0,0.0,0.0
3006049.0,0.0,0.0,4.89,-1.07,1.04,11.52,0.0,9.6,2.88,0.0,0.0,0.0,0.0,0.0,0.0,0.0,0.0,4.8,0.0,9.6,0.0,0.0,0.0,0.0
3006050.0,0.0,0.0,2.24,-0.49,1.04,5.28,0.0,4.4,1.32,0.0,0.0,0.0,0.0,0.0,0.0,0.0,0.0,2.2,0.0,4.4,0.0,0.0,0.0,0.0
3006051.0,57.32,29.22,29.22,-6.37,1.04,68.88,1.0,57.4,17.22,0.0,0.0,0.0,0.0,0.0,0.0,0.0,0.0,28.7,0.0,57.4,0.0,0.0,0.0,0.0
3006052.0,0.0,0.0,29.22,-6.37,1.04,68.88,0.0,57.4,17.22,0.0,0.0,0.0,0.0,0.0,0.0,0.0,0.0,28.7,0.0,57.4,0.0,0.0,0.0,0.0
3006053.0,57.32,29.22,29.22,-6.37,1.04,68.88,1.0,57.4,17.22,0.0,0.0,0.0,0.0,0.0,0.0,0.0,0.0,28.7,0.0,57.4,0.0,0.0,0.0,0.0
3006054.0,57.32,24.27,29.22,-6.37,1.04,68.88,1.0,57.4,17.22,0.0,0.0,0.0,0.0,0.0,0.0,0.0,0.0,28.7,0.0,57.4,0.0,0.0,0.0,0.0
3006069.0,125.35,23.91,92.32,-20.13,1.03,217.64,1.0,181.37,54.41,0.0,0.0,0.0,0.0,0.0,0.0,0.0,0.0,90.69,0.0,181.37,0.0,0.0,0.0,0.0
3006070.0,132.82,10.94,92.32,-20.13,1.03,217.64,1.0,181.37,54.41,0.0,0.0,0.0,0.0,0.0,0.0,0.0,0.0,90.69,0.0,181.37,0.0,0.0,0.0,0.0
3006071.0,107.43,31.06,92.32,-20.13,1.03,217.64,1.0,181.37,54.41,0.0,0.0,0.0,0.0,0.0,0.0,0.0,0.0,90.69,0.0,181.37,0.0,0.0,0.0,0.0
3006072.0,0.0,0.0,92.32,-20.13,1.03,217.64,0.0,181.37,54.41,0.0,0.0,0.0,0.0,0.0,0.0,0.0,0.0,90.69,0.0,181.37,0.0,0.0,0.0,0.0
3006073.0,132.82,18.29,92.32,-20.13,1.03,217.64,1.0,181.37,54.41,0.0,0.0,0.0,0.0,0.0,0.0,0.0,0.0,90.69,0.0,181.37,0.0,0.0,0.0,0.0
3006074.0,132.82,17.59,92.32,-20.13,1.03,217.64,1.0,181.37,54.41,0.0,0.0,0.0,0.0,0.0,0.0,0.0,0.0,90.69,0.0,181.37,0.0,0.0,0.0,0.0
3006078.0,482.07,-68.73,262.51,-68.73,1.0,676.0,1.0,563.33,169.0,0.0,0.0,0.0,0.0,0.0,0.0,0.0,0.0,182.69,0.0,563.33,0.0,0.0,0.0,0.0
3006079.0,333.68,-68.73,262.51,-68.73,1.0,676.0,1.0,563.33,169.0,0.0,0.0,0.0,0.0,0.0,0.0,0.0,0.0,182.69,0.0,563.33,0.0,0.0,0.0,0.0
3006080.0,333.68,-68.73,262.51,-68.73,1.0,676.0,1.0,563.33,169.0,0.0,0.0,0.0,0.0,0.0,0.0,0.0,0.0,182.69,0.0,563.33,0.0,0.0,0.0,0.0
3006082.0,41.37,12.07,25.04,-1.08,1.04,26.4,1.0,65.3,0.0,0.0,0.0,0.0,0.0,0.0,0.0,0.0,0.0,0.0,0.0,22.0,0.0,0.0,0.0,0.0
3006083.0,65.3,9.55,25.04,-1.08,1.04,26.4,1.0,65.3,0.0,0.0,0.0,0.0,0.0,0.0,0.0,0.0,0.0,0.0,0.0,22.0,0.0,0.0,0.0,0.0
3006085.0,1.05,0.0,0.0,0.0,1.04,1.68,1.0,1.4,0.42,0.0,0.0,0.0,0.0,0.0,0.0,0.0,0.0,0.0,0.0,1.4,0.0,0.0,0.0,0.0
3006086.0,22.5,0.0,0.0,0.0,1.04,36.0,1.0,30.0,9.0,0.0,0.0,0.0,0.0,0.0,0.0,0.0,0.0,0.0,0.0,30.0,0.0,0.0,0.0,0.0
3006087.0,0.0,0.0,0.0,0.0,1.04,6.6,0.0,5.5,1.65,0.0,0.0,0.0,0.0,0.0,0.0,0.0,0.0,0.0,0.0,5.5,0.0,0.0,0.0,0.0
3006088.0,7.95,0.0,0.0,0.0,1.04,12.72,1.0,10.6,3.18,0.0,0.0,0.0,0.0,0.0,0.0,0.0,0.0,0.0,0.0,10.6,0.0,0.0,0.0,0.0
3006089.0,10.42,0.0,0.0,0.0,1.04,16.68,1.0,13.9,4.17,0.0,0.0,0.0,0.0,0.0,0.0,0.0,0.0,0.0,0.0,13.9,0.0,0.0,0.0,0.0
3006090.0,30.52,0.0,0.0,0.0,1.04,48.84,1.0,40.7,12.21,0.0,0.0,0.0,0.0,0.0,0.0,0.0,0.0,0.0,0.0,40.7,0.0,0.0,0.0,0.0
3006104.0,60.41,30.79,30.79,-6.72,1.04,72.6,1.0,60.5,18.15,0.0,0.0,0.0,0.0,0.0,0.0,0.0,0.0,30.25,0.0,60.5,0.0,0.0,0.0,0.0
3006105.0,60.41,30.79,30.79,-6.72,1.04,72.6,1.0,60.5,18.15,0.0,0.0,0.0,0.0,0.0,0.0,0.0,0.0,30.25,0.0,60.5,0.0,0.0,0.0,0.0
3006106.0,120.82,61.59,61.59,-13.43,1.04,145.2,1.0,121.0,36.3,0.0,0.0,0.0,0.0,0.0,0.0,0.0,0.0,60.5,0.0,121.0,0.0,0.0,0.0,0.0
3006110.0,306.17,64.21,275.22,-72.05,1.04,708.72,1.0,590.6,177.18,0.0,0.0,0.0,0.0,0.0,0.0,0.0,0.0,188.18,0.0,590.6,0.0,0.0,0.0,0.0
3006111.0,299.22,64.9,308.26,-80.7,1.04,793.8,1.0,661.5,198.45,0.0,0.0,0.0,0.0,0.0,0.0,0.0,0.0,201.0,0.0,661.5,0.0,0.0,0.0,0.0
3006144.0,0.0,0.0,4.28,-0.93,1.03,10.08,0.0,8.4,2.52,0.0,0.0,0.0,0.0,0.0,0.0,0.0,0.0,4.2,0.0,8.4,0.0,0.0,0.0,0.0
3006145.0,326.62,22.12,227.01,-49.51,1.03,535.2,1.0,446.0,133.8,0.0,0.0,0.0,0.0,0.0,0.0,0.0,0.0,140.71,0.0,446.0,0.0,0.0,0.0,0.0
3006146.0,326.62,22.86,227.01,-49.51,1.03,535.2,1.0,446.0,133.8,0.0,0.0,0.0,0.0,0.0,0.0,0.0,0.0,140.71,0.0,446.0,0.0,0.0,0.0,0.0
3006147.0,291.1,23.68,474.39,-103.45,1.03,1118.4,1.0,932.0,279.6,0.0,0.0,0.0,0.0,0.0,0.0,0.0,0.0,186.4,0.0,932.0,0.0,0.0,0.0,0.0
3006148.0,0.0,0.0,367.5,-80.14,1.03,866.4,0.0,722.0,216.6,0.0,0.0,0.0,0.0,0.0,0.0,0.0,0.0,144.4,0.0,722.0,0.0,0.0,0.0,0.0
3006149.0,225.51,67.31,367.5,-80.14,1.03,866.4,1.0,722.0,216.6,0.0,0.0,0.0,0.0,0.0,0.0,0.0,0.0,144.4,0.0,722.0,0.0,0.0,0.0,0.0
3006164.0,73.42,23.32,119.64,-26.09,1.03,282.06,1.0,235.05,70.52,0.0,0.0,0.0,0.0,0.0,0.0,0.0,0.0,111.35,0.0,235.05,0.0,0.0,0.0,0.0
3006165.0,73.42,20.54,119.64,-26.09,1.03,282.06,1.0,235.05,70.52,0.0,0.0,0.0,0.0,0.0,0.0,0.0,0.0,111.35,0.0,235.05,0.0,0.0,0.0,0.0
3006166.0,73.42,50.05,119.64,-26.09,1.03,282.06,1.0,235.05,70.52,0.0,0.0,0.0,0.0,0.0,0.0,0.0,0.0,111.35,0.0,235.05,0.0,0.0,0.0,0.0
3006167.0,73.42,26.61,119.64,-26.09,1.03,282.06,1.0,235.05,70.52,0.0,0.0,0.0,0.0,0.0,0.0,0.0,0.0,111.35,0.0,235.05,0.0,0.0,0.0,0.0
3006213.0,177.9,11.11,68.29,-2.94,1.04,72.0,1.0,69.4,0.0,0.0,0.0,0.0,0.0,0.0,0.0,0.0,0.0,0.0,0.0,60.0,0.0,0.0,0.0,0.0
3006214.0,552.3,41.91,212.06,-9.13,1.04,223.6,1.0,552.3,0.0,0.0,0.0,0.0,0.0,0.0,0.0,0.0,0.0,130.22,0.0,186.33,0.0,0.0,0.0,0.0
3006215.0,552.3,47.41,212.06,-9.13,1.04,223.6,1.0,552.3,0.0,0.0,0.0,0.0,0.0,0.0,0.0,0.0,0.0,130.22,0.0,186.33,0.0,0.0,0.0,0.0
3006216.0,552.3,35.4,212.06,-9.13,1.04,223.6,1.0,552.3,0.0,0.0,0.0,0.0,0.0,0.0,0.0,0.0,0.0,130.22,0.0,186.33,0.0,0.0,0.0,0.0
3006242.0,60.91,14.87,31.05,-6.77,1.04,73.2,1.0,61.0,18.3,0.0,0.0,0.0,0.0,0.0,0.0,0.0,0.0,30.5,0.0,61.0,0.0,0.0,0.0,0.0
3006243.0,182.73,36.25,93.15,-20.31,1.04,219.6,1.0,183.0,54.9,0.0,0.0,0.0,0.0,0.0,0.0,0.0,0.0,91.5,0.0,183.0,0.0,0.0,0.0,0.0
3006244.0,297.56,44.33,151.68,-33.08,1.04,357.6,1.0,298.0,89.4,0.0,0.0,0.0,0.0,0.0,0.0,0.0,0.0,127.1,0.0,298.0,0.0,0.0,0.0,0.0
3006245.0,297.56,50.83,151.68,-33.08,1.04,357.6,1.0,298.0,89.4,0.0,0.0,0.0,0.0,0.0,0.0,0.0,0.0,127.1,0.0,298.0,0.0,0.0,0.0,0.0
3006246.0,297.56,94.93,151.68,-33.08,1.04,357.6,1.0,298.0,89.4,0.0,0.0,0.0,0.0,0.0,0.0,0.0,0.0,127.1,0.0,298.0,0.0,0.0,0.0,0.0
3006247.0,183.06,77.62,93.32,-20.35,1.04,220.0,1.0,183.33,55.0,0.0,0.0,0.0,0.0,0.0,0.0,0.0,0.0,91.67,0.0,183.33,0.0,0.0,0.0,0.0
3006248.0,183.06,40.11,93.32,-20.35,1.04,220.0,1.0,183.33,55.0,0.0,0.0,0.0,0.0,0.0,0.0,0.0,0.0,91.67,0.0,183.33,0.0,0.0,0.0,0.0
3006249.0,183.06,27.74,93.32,-20.35,1.04,220.0,1.0,183.33,55.0,0.0,0.0,0.0,0.0,0.0,0.0,0.0,0.0,91.67,0.0,183.33,0.0,0.0,0.0,0.0
3006257.0,60.59,-21.53,98.75,-21.53,1.02,232.8,1.0,194.0,58.2,0.0,0.0,0.0,0.0,0.0,0.0,0.0,0.0,97.0,0.0,194.0,0.0,0.0,0.0,0.0
3006258.0,108.6,-21.53,98.75,-21.53,1.02,232.8,1.0,194.0,58.2,0.0,0.0,0.0,0.0,0.0,0.0,0.0,0.0,97.0,0.0,194.0,0.0,0.0,0.0,0.0
3006259.0,0.0,0.0,26.16,-5.71,1.02,61.68,0.0,51.4,15.42,0.0,0.0,0.0,0.0,0.0,0.0,0.0,0.0,25.7,0.0,51.4,0.0,0.0,0.0,0.0
3006260.0,80.27,-28.53,130.81,-28.53,1.02,308.4,1.0,257.0,77.1,0.0,0.0,0.0,0.0,0.0,0.0,0.0,0.0,117.51,0.0,257.0,0.0,0.0,0.0,0.0
3006266.0,4.5,1.72,1.72,-0.07,1.04,1.8,1.0,0.0,0.0,0.0,0.0,0.0,0.0,0.0,0.0,0.0,0.0,0.0,0.0,1.5,0.0,0.0,0.0,0.0
3006267.0,7.2,2.73,2.73,-0.12,1.04,2.88,1.0,0.0,0.0,0.0,0.0,0.0,0.0,0.0,0.0,0.0,0.0,0.0,0.0,2.4,0.0,0.0,0.0,0.0
3006268.0,4.5,1.72,1.72,-0.07,1.04,1.8,1.0,0.0,0.0,0.0,0.0,0.0,0.0,0.0,0.0,0.0,0.0,0.0,0.0,1.5,0.0,0.0,0.0,0.0
3006269.0,7.2,2.73,2.73,-0.12,1.04,2.88,1.0,0.0,0.0,0.0,0.0,0.0,0.0,0.0,0.0,0.0,0.0,0.0,0.0,2.4,0.0,0.0,0.0,0.0
3006270.0,0.0,0.0,6.82,-0.29,1.04,7.2,0.0,0.0,0.0,0.0,0.0,0.0,0.0,0.0,0.0,0.0,0.0,0.0,0.0,6.0,0.0,0.0,0.0,0.0
3006271.0,0.0,0.0,4.09,-0.18,1.04,4.32,0.0,0.0,0.0,0.0,0.0,0.0,0.0,0.0,0.0,0.0,0.0,0.0,0.0,3.6,0.0,0.0,0.0,0.0
3006272.0,0.0,0.0,2.73,-0.12,1.04,2.88,0.0,0.0,0.0,0.0,0.0,0.0,0.0,0.0,0.0,0.0,0.0,0.0,0.0,2.4,0.0,0.0,0.0,0.0
3006273.0,0.0,0.0,2.73,-0.12,1.04,2.88,0.0,0.0,0.0,0.0,0.0,0.0,0.0,0.0,0.0,0.0,0.0,0.0,0.0,2.4,0.0,0.0,0.0,0.0
3006274.0,8.4,3.2,3.2,-0.14,1.04,3.36,1.0,0.0,0.0,0.0,0.0,0.0,0.0,0.0,0.0,0.0,0.0,0.0,0.0,2.8,0.0,0.0,0.0,0.0
3006295.0,64.42,-22.89,104.97,-22.89,1.02,247.48,1.0,206.23,61.87,0.0,0.0,0.0,0.0,0.0,0.0,0.0,0.0,102.15,0.0,206.23,0.0,0.0,0.0,0.0
3006296.0,64.42,-22.89,104.97,-22.89,1.02,247.48,1.0,206.23,61.87,0.0,0.0,0.0,0.0,0.0,0.0,0.0,0.0,102.15,0.0,206.23,0.0,0.0,0.0,0.0
3006297.0,64.45,-22.89,104.97,-22.89,1.02,247.48,1.0,206.23,61.9,0.0,0.0,0.0,0.0,0.0,0.0,0.0,0.0,102.15,0.0,206.23,0.0,0.0,0.0,0.0
3006301.0,0.0,0.0,1.63,-0.36,1.0,3.84,0.0,3.2,0.96,0.0,0.0,0.0,0.0,0.0,0.0,0.0,0.0,1.6,0.0,3.2,0.0,0.0,0.0,0.0
3006302.0,246.89,-27.44,125.85,-27.44,1.0,296.7,1.0,247.25,74.18,0.0,0.0,0.0,0.0,0.0,0.0,0.0,0.0,114.86,0.0,247.25,0.0,0.0,0.0,0.0
3006303.0,215.92,-27.44,125.85,-27.44,1.0,296.7,1.0,247.25,74.18,0.0,0.0,0.0,0.0,0.0,0.0,0.0,0.0,114.86,0.0,247.25,0.0,0.0,0.0,0.0
3006304.0,246.89,-27.44,125.85,-27.44,1.0,296.7,1.0,247.25,74.18,0.0,0.0,0.0,0.0,0.0,0.0,0.0,0.0,114.86,0.0,247.25,0.0,0.0,0.0,0.0
3006305.0,246.89,-27.44,125.85,-27.44,1.0,296.7,1.0,247.25,74.18,0.0,0.0,0.0,0.0,0.0,0.0,0.0,0.0,114.86,0.0,247.25,0.0,0.0,0.0,0.0
3006349.0,0.0,0.0,6.11,-1.33,1.04,14.4,0.0,12.0,3.6,0.0,0.0,0.0,0.0,0.0,0.0,0.0,0.0,6.0,0.0,12.0,0.0,0.0,0.0,0.0
3006349.0,0.0,0.0,26.21,-5.72,1.04,61.8,0.0,51.5,15.45,0.0,0.0,0.0,0.0,0.0,0.0,0.0,0.0,25.75,0.0,51.5,0.0,0.0,0.0,0.0
3006349.0,32.17,52.43,52.43,-11.43,1.04,123.6,1.0,103.0,30.9,0.0,0.0,0.0,0.0,0.0,0.0,0.0,0.0,51.5,0.0,103.0,0.0,0.0,0.0,0.0
3006349.0,0.0,0.0,1.17,-0.26,1.04,2.76,0.0,2.3,0.69,0.0,0.0,0.0,0.0,0.0,0.0,0.0,0.0,1.15,0.0,2.3,0.0,0.0,0.0,0.0
3006349.0,0.0,0.0,2.34,-0.51,1.04,5.52,0.0,4.6,1.38,0.0,0.0,0.0,0.0,0.0,0.0,0.0,0.0,2.3,0.0,4.6,0.0,0.0,0.0,0.0
3006349.0,0.0,0.0,0.76,-0.17,1.04,1.8,0.0,1.5,0.45,0.0,0.0,0.0,0.0,0.0,0.0,0.0,0.0,0.75,0.0,1.5,0.0,0.0,0.0,0.0
3006349.0,0.0,0.0,2.04,-0.44,1.04,4.8,0.0,4.0,1.2,0.0,0.0,0.0,0.0,0.0,0.0,0.0,0.0,2.0,0.0,4.0,0.0,0.0,0.0,0.0
3006349.0,0.0,0.0,3.26,-0.71,1.04,7.68,0.0,6.4,1.92,0.0,0.0,0.0,0.0,0.0,0.0,0.0,0.0,3.2,0.0,6.4,0.0,0.0,0.0,0.0
3006349.0,113.38,184.77,184.77,-40.29,1.04,435.6,1.0,363.0,108.9,0.0,0.0,0.0,0.0,0.0,0.0,0.0,0.0,137.12,0.0,363.0,0.0,0.0,0.0,0.0
3006349.0,113.38,184.77,184.77,-40.29,1.04,435.6,1.0,363.0,108.9,0.0,0.0,0.0,0.0,0.0,0.0,0.0,0.0,137.12,0.0,363.0,0.0,0.0,0.0,0.0
3006349.0,0.0,0.0,26.21,-5.72,1.04,61.8,0.0,51.5,15.45,0.0,0.0,0.0,0.0,0.0,0.0,0.0,0.0,25.75,0.0,51.5,0.0,0.0,0.0,0.0
3007005.0,162.76,31.99,82.97,-18.09,1.04,195.6,1.0,163.0,48.9,0.0,0.0,0.0,0.0,0.0,0.0,0.0,0.0,81.5,0.0,163.0,0.0,0.0,0.0,0.0
3007006.0,162.76,55.98,82.97,-18.09,1.04,195.6,1.0,163.0,48.9,0.0,0.0,0.0,0.0,0.0,0.0,0.0,0.0,81.5,0.0,163.0,0.0,0.0,0.0,0.0
3007007.0,162.76,36.94,82.97,-18.09,1.04,195.6,1.0,163.0,48.9,0.0,0.0,0.0,0.0,0.0,0.0,0.0,0.0,81.5,0.0,163.0,0.0,0.0,0.0,0.0
3007008.0,162.76,34.59,82.97,-18.09,1.04,195.6,1.0,163.0,48.9,0.0,0.0,0.0,0.0,0.0,0.0,0.0,0.0,81.5,0.0,163.0,0.0,0.0,0.0,0.0
3007009.0,162.76,31.41,82.97,-18.09,1.04,195.6,1.0,163.0,48.9,0.0,0.0,0.0,0.0,0.0,0.0,0.0,0.0,81.5,0.0,163.0,0.0,0.0,0.0,0.0
3007015.0,0.0,0.0,2.04,-0.44,1.04,4.8,0.0,4.0,1.2,0.0,0.0,0.0,0.0,0.0,0.0,0.0,0.0,2.0,0.0,4.0,0.0,0.0,0.0,0.0
3007021.0,22.37,11.4,11.4,-2.49,1.04,26.88,1.0,22.4,6.72,0.0,0.0,0.0,0.0,0.0,0.0,0.0,0.0,11.2,0.0,22.4,0.0,0.0,0.0,0.0
3007022.0,47.33,24.13,24.13,-5.26,1.04,56.88,1.0,47.4,14.22,0.0,0.0,0.0,0.0,0.0,0.0,0.0,0.0,23.7,0.0,47.4,0.0,0.0,0.0,0.0
3007023.0,47.33,24.13,24.13,-5.26,1.04,56.88,1.0,47.4,14.22,0.0,0.0,0.0,0.0,0.0,0.0,0.0,0.0,23.7,0.0,47.4,0.0,0.0,0.0,0.0
3007024.0,94.66,48.25,48.25,-10.52,1.04,113.76,1.0,94.8,28.44,0.0,0.0,0.0,0.0,0.0,0.0,0.0,0.0,47.4,0.0,94.8,0.0,0.0,0.0,0.0
3007025.0,0.0,0.0,1.63,-0.36,1.04,3.84,0.0,3.2,0.96,0.0,0.0,0.0,0.0,0.0,0.0,0.0,0.0,1.6,0.0,3.2,0.0,0.0,0.0,0.0
3007031.0,29.1,0.0,0.0,0.0,1.04,46.56,1.0,38.8,11.64,0.0,0.0,0.0,0.0,0.0,0.0,0.0,0.0,0.0,0.0,38.8,0.0,0.0,0.0,0.0
3007032.0,7.5,0.0,0.0,0.0,1.04,12.0,1.0,10.0,3.0,0.0,0.0,0.0,0.0,0.0,0.0,0.0,0.0,0.0,0.0,10.0,0.0,0.0,0.0,0.0
3007033.0,7.5,0.0,0.0,0.0,1.04,12.0,1.0,10.0,3.0,0.0,0.0,0.0,0.0,0.0,0.0,0.0,0.0,0.0,0.0,10.0,0.0,0.0,0.0,0.0
3007034.0,0.0,0.0,0.0,0.0,1.04,5.28,0.0,4.4,1.32,0.0,0.0,0.0,0.0,0.0,0.0,0.0,0.0,0.0,0.0,4.4,0.0,0.0,0.0,0.0
3007045.0,188.17,25.83,95.92,-20.92,1.03,226.14,1.0,188.45,56.53,0.0,0.0,0.0,0.0,0.0,0.0,0.0,0.0,94.22,0.0,188.45,0.0,0.0,0.0,0.0
3007046.0,188.17,53.77,95.92,-20.92,1.03,226.14,1.0,188.45,56.53,0.0,0.0,0.0,0.0,0.0,0.0,0.0,0.0,94.22,0.0,188.45,0.0,0.0,0.0,0.0
3007061.0,68.06,-12.75,58.48,-12.75,1.0,137.88,1.0,114.9,34.47,0.0,0.0,0.0,0.0,0.0,0.0,0.0,0.0,57.45,0.0,114.9,0.0,0.0,0.0,0.0
3007062.0,68.06,-12.75,58.48,-12.75,1.0,137.88,1.0,114.9,34.47,0.0,0.0,0.0,0.0,0.0,0.0,0.0,0.0,57.45,0.0,114.9,0.0,0.0,0.0,0.0
3007063.0,68.06,-12.75,58.48,-12.75,1.0,137.88,1.0,114.9,34.47,0.0,0.0,0.0,0.0,0.0,0.0,0.0,0.0,57.45,0.0,114.9,0.0,0.0,0.0,0.0
3007064.0,84.15,-12.75,58.48,-12.75,1.0,137.88,1.0,114.9,34.47,0.0,0.0,0.0,0.0,0.0,0.0,0.0,0.0,57.45,0.0,114.9,0.0,0.0,0.0,0.0
3007065.0,84.15,-12.75,58.48,-12.75,1.0,137.88,1.0,114.9,34.47,0.0,0.0,0.0,0.0,0.0,0.0,0.0,0.0,57.45,0.0,114.9,0.0,0.0,0.0,0.0
3007066.0,69.08,-12.75,58.48,-12.75,1.0,137.88,1.0,114.9,34.47,0.0,0.0,0.0,0.0,0.0,0.0,0.0,0.0,57.45,0.0,114.9,0.0,0.0,0.0,0.0
3007079.0,161.82,35.84,116.38,-25.38,1.04,274.38,1.0,228.65,68.59,0.0,0.0,0.0,0.0,0.0,0.0,0.0,0.0,109.41,0.0,228.65,0.0,0.0,0.0,0.0
3007080.0,167.45,28.09,116.38,-25.38,1.04,274.38,1.0,228.65,68.59,0.0,0.0,0.0,0.0,0.0,0.0,0.0,0.0,109.41,0.0,228.65,0.0,0.0,0.0,0.0
3007081.0,167.45,28.43,116.38,-25.38,1.04,274.38,1.0,228.65,68.59,0.0,0.0,0.0,0.0,0.0,0.0,0.0,0.0,109.41,0.0,228.65,0.0,0.0,0.0,0.0
3007082.0,167.45,34.7,116.38,-25.38,1.04,274.38,1.0,228.65,68.59,0.0,0.0,0.0,0.0,0.0,0.0,0.0,0.0,109.41,0.0,228.65,0.0,0.0,0.0,0.0
3007098.0,1236.22,189.29,498.38,-111.05,1.0,1625.16,1.0,1354.3,406.29,0.0,0.0,0.0,0.0,0.0,0.0,0.0,0.0,0.0,0.0,1354.3,0.0,0.0,0.0,0.0
3007099.0,1352.3,-14.48,498.38,-111.05,1.0,1625.16,1.0,1354.3,406.29,0.0,0.0,0.0,0.0,0.0,0.0,0.0,0.0,0.0,0.0,1354.3,0.0,0.0,0.0,0.0
3007107.0,149.78,75.03,76.35,-16.65,1.04,180.0,1.0,150.0,45.0,0.0,0.0,0.0,0.0,0.0,0.0,0.0,0.0,75.0,0.0,150.0,0.0,0.0,0.0,0.0
3007108.0,50.92,16.82,25.96,-5.66,1.04,61.2,1.0,51.0,15.3,0.0,0.0,0.0,0.0,0.0,0.0,0.0,0.0,25.5,0.0,51.0,0.0,0.0,0.0,0.0
3007109.0,50.92,20.45,25.96,-5.66,1.04,61.2,1.0,51.0,15.3,0.0,0.0,0.0,0.0,0.0,0.0,0.0,0.0,25.5,0.0,51.0,0.0,0.0,0.0,0.0
3007110.0,195.71,42.29,99.76,-21.76,1.04,235.2,1.0,196.0,58.8,0.0,0.0,0.0,0.0,0.0,0.0,0.0,0.0,98.0,0.0,196.0,0.0,0.0,0.0,0.0
3007111.0,195.71,41.23,99.76,-21.76,1.04,235.2,1.0,196.0,58.8,0.0,0.0,0.0,0.0,0.0,0.0,0.0,0.0,98.0,0.0,196.0,0.0,0.0,0.0,0.0
3007112.0,195.71,65.18,99.76,-21.76,1.04,235.2,1.0,196.0,58.8,0.0,0.0,0.0,0.0,0.0,0.0,0.0,0.0,98.0,0.0,196.0,0.0,0.0,0.0,0.0
3007113.0,195.71,35.4,99.76,-21.76,1.04,235.2,1.0,196.0,58.8,0.0,0.0,0.0,0.0,0.0,0.0,0.0,0.0,98.0,0.0,196.0,0.0,0.0,0.0,0.0
3007114.0,195.71,69.11,99.76,-21.76,1.04,235.2,1.0,196.0,58.8,0.0,0.0,0.0,0.0,0.0,0.0,0.0,0.0,98.0,0.0,196.0,0.0,0.0,0.0,0.0
3007115.0,195.71,69.47,99.76,-21.76,1.04,235.2,1.0,196.0,58.8,0.0,0.0,0.0,0.0,0.0,0.0,0.0,0.0,98.0,0.0,196.0,0.0,0.0,0.0,0.0
3007121.0,0.0,0.0,1.88,-0.41,1.04,4.44,0.0,3.7,1.11,0.0,0.0,0.0,0.0,0.0,0.0,0.0,0.0,1.85,0.0,3.7,0.0,0.0,0.0,0.0
3007122.0,0.0,0.0,2.19,-0.48,1.04,5.16,0.0,4.3,1.29,0.0,0.0,0.0,0.0,0.0,0.0,0.0,0.0,2.15,0.0,4.3,0.0,0.0,0.0,0.0
3007133.0,16.28,-1.81,8.3,-1.81,1.0,19.56,1.0,16.3,4.89,0.0,0.0,0.0,0.0,0.0,0.0,0.0,0.0,8.15,0.0,16.3,0.0,0.0,0.0,0.0
3007134.0,206.25,-22.93,105.13,-22.93,1.0,247.86,1.0,206.55,61.97,0.0,0.0,0.0,0.0,0.0,0.0,0.0,0.0,102.26,0.0,206.55,0.0,0.0,0.0,0.0
3007135.0,206.25,-22.93,105.13,-22.93,1.0,247.86,1.0,206.55,61.97,0.0,0.0,0.0,0.0,0.0,0.0,0.0,0.0,102.26,0.0,206.55,0.0,0.0,0.0,0.0
3007136.0,206.25,-22.93,105.13,-22.93,1.0,247.86,1.0,206.55,61.97,0.0,0.0,0.0,0.0,0.0,0.0,0.0,0.0,102.26,0.0,206.55,0.0,0.0,0.0,0.0
3007137.0,206.25,-22.93,105.13,-22.93,1.0,247.86,1.0,206.55,61.97,0.0,0.0,0.0,0.0,0.0,0.0,0.0,0.0,102.26,0.0,206.55,0.0,0.0,0.0,0.0
3007138.0,380.14,-42.26,193.78,-42.26,1.0,456.84,1.0,380.7,114.21,0.0,0.0,0.0,0.0,0.0,0.0,0.0,0.0,138.76,0.0,380.7,0.0,0.0,0.0,0.0
3007139.0,58.91,-6.55,30.03,-6.55,1.0,70.8,1.0,59.0,17.7,0.0,0.0,0.0,0.0,0.0,0.0,0.0,0.0,29.5,0.0,59.0,0.0,0.0,0.0,0.0
3007140.0,58.91,-6.55,30.03,-6.55,1.0,70.8,1.0,59.0,17.7,0.0,0.0,0.0,0.0,0.0,0.0,0.0,0.0,29.5,0.0,59.0,0.0,0.0,0.0,0.0
3007141.0,58.91,-6.55,30.03,-6.55,1.0,70.8,1.0,59.0,17.7,0.0,0.0,0.0,0.0,0.0,0.0,0.0,0.0,29.5,0.0,59.0,0.0,0.0,0.0,0.0
3007142.0,58.91,-6.55,30.03,-6.55,1.0,70.8,1.0,59.0,17.7,0.0,0.0,0.0,0.0,0.0,0.0,0.0,0.0,29.5,0.0,59.0,0.0,0.0,0.0,0.0
3007146.0,10.18,-1.13,5.19,-1.13,1.01,12.24,1.0,10.2,3.06,0.0,0.0,0.0,0.0,0.0,0.0,0.0,0.0,5.1,0.0,10.2,0.0,0.0,0.0,0.0
3007162.0,110.44,56.3,56.3,-12.28,1.04,132.72,1.0,110.6,33.18,0.0,0.0,0.0,0.0,0.0,0.0,0.0,0.0,55.3,0.0,110.6,0.0,0.0,0.0,0.0
3007163.0,110.44,49.51,56.3,-12.28,1.04,132.72,1.0,110.6,33.18,0.0,0.0,0.0,0.0,0.0,0.0,0.0,0.0,55.3,0.0,110.6,0.0,0.0,0.0,0.0
3007164.0,110.44,56.3,56.3,-12.28,1.04,132.72,1.0,110.6,33.18,0.0,0.0,0.0,0.0,0.0,0.0,0.0,0.0,55.3,0.0,110.6,0.0,0.0,0.0,0.0
3007165.0,110.44,56.3,56.3,-12.28,1.04,132.72,1.0,110.6,33.18,0.0,0.0,0.0,0.0,0.0,0.0,0.0,0.0,55.3,0.0,110.6,0.0,0.0,0.0,0.0
3007166.0,110.44,42.45,56.3,-12.28,1.04,132.72,1.0,110.6,33.18,0.0,0.0,0.0,0.0,0.0,0.0,0.0,0.0,55.3,0.0,110.6,0.0,0.0,0.0,0.0
3007167.0,110.44,35.37,56.3,-12.28,1.04,132.72,1.0,110.6,33.2,0.0,0.0,0.0,0.0,0.0,0.0,0.0,0.0,55.3,0.0,110.6,0.0,0.0,0.0,0.0
3007168.0,87.59,44.65,44.65,-9.74,1.04,105.26,1.0,87.72,26.32,0.0,0.0,0.0,0.0,0.0,0.0,0.0,0.0,43.86,0.0,87.72,0.0,0.0,0.0,0.0
3007169.0,87.59,44.65,44.65,-9.74,1.04,105.26,1.0,87.72,26.3,0.0,0.0,0.0,0.0,0.0,0.0,0.0,0.0,43.86,0.0,87.72,0.0,0.0,0.0,0.0
3007170.0,336.73,101.63,178.59,-38.95,1.04,421.04,1.0,350.87,105.26,0.0,0.0,0.0,0.0,0.0,0.0,0.0,0.0,135.73,0.0,350.87,0.0,0.0,0.0,0.0
3007189.0,6.89,3.51,3.51,-0.77,1.03,8.28,1.0,6.9,2.07,0.0,0.0,0.0,0.0,0.0,0.0,0.0,0.0,3.45,0.0,6.9,0.0,0.0,0.0,0.0
3007190.0,47.93,9.97,24.43,-5.33,1.03,57.6,1.0,48.0,14.4,0.0,0.0,0.0,0.0,0.0,0.0,0.0,0.0,24.0,0.0,48.0,0.0,0.0,0.0,0.0
3007191.0,0.0,0.0,2.55,-0.55,1.03,6.0,0.0,5.0,1.5,0.0,0.0,0.0,0.0,0.0,0.0,0.0,0.0,2.5,0.0,5.0,0.0,0.0,0.0,0.0
3007192.0,34.95,14.05,17.81,-3.88,1.03,42.0,1.0,35.0,10.5,0.0,0.0,0.0,0.0,0.0,0.0,0.0,0.0,17.5,0.0,35.0,0.0,0.0,0.0,0.0
3007193.0,7.49,3.82,3.82,-0.83,1.03,9.0,1.0,7.5,2.25,0.0,0.0,0.0,0.0,0.0,0.0,0.0,0.0,3.75,0.0,7.5,0.0,0.0,0.0,0.0
3007194.0,230.61,35.47,117.55,-25.64,1.03,277.14,1.0,230.95,69.28,0.0,0.0,0.0,0.0,0.0,0.0,0.0,0.0,110.11,0.0,230.95,0.0,0.0,0.0,0.0
3007195.0,230.61,30.53,117.55,-25.64,1.03,277.14,1.0,230.95,69.28,0.0,0.0,0.0,0.0,0.0,0.0,0.0,0.0,110.11,0.0,230.95,0.0,0.0,0.0,0.0
3007196.0,230.61,54.9,117.55,-25.64,1.03,277.14,1.0,230.95,69.28,0.0,0.0,0.0,0.0,0.0,0.0,0.0,0.0,110.11,0.0,230.95,0.0,0.0,0.0,0.0
3007197.0,230.61,85.19,117.55,-25.64,1.03,277.14,1.0,230.95,69.28,0.0,0.0,0.0,0.0,0.0,0.0,0.0,0.0,110.11,0.0,230.95,0.0,0.0,0.0,0.0
3007207.0,0.0,0.0,2.04,-0.44,1.04,4.8,0.0,4.0,1.2,0.0,0.0,0.0,0.0,0.0,0.0,0.0,0.0,2.0,0.0,4.0,0.0,0.0,0.0,0.0
3007208.0,763.87,76.51,389.39,-84.92,1.04,918.0,1.0,765.0,229.5,0.0,0.0,0.0,0.0,0.0,0.0,0.0,0.0,153.0,0.0,765.0,0.0,0.0,0.0,0.0
3007209.0,763.87,98.88,389.39,-84.92,1.04,918.0,1.0,765.0,229.5,0.0,0.0,0.0,0.0,0.0,0.0,0.0,0.0,153.0,0.0,765.0,0.0,0.0,0.0,0.0
3007210.0,178.24,25.66,90.86,-19.81,1.04,214.2,1.0,178.5,53.55,0.0,0.0,0.0,0.0,0.0,0.0,0.0,0.0,89.25,0.0,178.5,0.0,0.0,0.0,0.0
3007211.0,178.24,36.02,90.86,-19.81,1.04,214.2,1.0,178.5,53.55,0.0,0.0,0.0,0.0,0.0,0.0,0.0,0.0,89.25,0.0,178.5,0.0,0.0,0.0,0.0
3007212.0,178.24,23.52,90.86,-19.81,1.04,214.2,1.0,178.5,53.55,0.0,0.0,0.0,0.0,0.0,0.0,0.0,0.0,89.25,0.0,178.5,0.0,0.0,0.0,0.0
3007266.0,304.15,-33.81,155.04,-33.81,1.01,365.52,1.0,304.6,91.38,0.0,0.0,0.0,0.0,0.0,0.0,0.0,0.0,128.4,0.0,304.6,0.0,0.0,0.0,0.0
3007267.0,90.51,-10.06,46.14,-10.06,1.01,108.77,1.0,90.64,27.19,0.0,0.0,0.0,0.0,0.0,0.0,0.0,0.0,45.32,0.0,90.64,0.0,0.0,0.0,0.0
3007268.0,90.51,-10.06,46.14,-10.06,1.01,108.77,1.0,90.64,27.19,0.0,0.0,0.0,0.0,0.0,0.0,0.0,0.0,45.32,0.0,90.64,0.0,0.0,0.0,0.0
3007269.0,90.51,-10.06,46.14,-10.06,1.01,108.77,1.0,90.64,27.19,0.0,0.0,0.0,0.0,0.0,0.0,0.0,0.0,45.32,0.0,90.64,0.0,0.0,0.0,0.0
3007270.0,181.01,-20.12,92.27,-20.12,1.01,217.54,1.0,181.28,54.38,0.0,0.0,0.0,0.0,0.0,0.0,0.0,0.0,90.64,0.0,181.28,0.0,0.0,0.0,0.0
3007280.0,0.0,0.0,13.08,-2.85,1.04,30.84,0.0,25.7,7.71,0.0,0.0,0.0,0.0,0.0,0.0,0.0,0.0,12.85,0.0,25.7,0.0,0.0,0.0,0.0
3007281.0,0.0,0.0,7.64,-1.67,1.04,18.0,0.0,15.0,4.5,0.0,0.0,0.0,0.0,0.0,0.0,0.0,0.0,7.5,0.0,15.0,0.0,0.0,0.0,0.0
3007284.0,0.0,0.0,0.0,0.0,1.04,9.0,0.0,7.5,2.25,0.0,0.0,0.0,0.0,0.0,0.0,0.0,0.0,0.0,0.0,7.5,0.0,0.0,0.0,0.0
3007285.0,21.22,0.0,0.0,0.0,1.04,33.96,1.0,28.3,8.49,0.0,0.0,0.0,0.0,0.0,0.0,0.0,0.0,0.0,0.0,28.3,0.0,0.0,0.0,0.0
3007286.0,21.22,0.0,0.0,0.0,1.04,33.96,1.0,28.3,8.49,0.0,0.0,0.0,0.0,0.0,0.0,0.0,0.0,0.0,0.0,28.3,0.0,0.0,0.0,0.0
3007287.0,21.22,0.0,0.0,0.0,1.04,33.96,1.0,28.3,8.49,0.0,0.0,0.0,0.0,0.0,0.0,0.0,0.0,0.0,0.0,28.3,0.0,0.0,0.0,0.0
3007288.0,21.22,0.0,0.0,0.0,1.04,33.96,1.0,28.3,8.49,0.0,0.0,0.0,0.0,0.0,0.0,0.0,0.0,0.0,0.0,28.3,0.0,0.0,0.0,0.0
3007289.0,42.45,0.0,0.0,0.0,1.04,67.92,1.0,56.6,16.98,0.0,0.0,0.0,0.0,0.0,0.0,0.0,0.0,0.0,0.0,56.6,0.0,0.0,0.0,0.0
3007307.0,96.54,49.21,49.21,-10.73,1.04,116.02,1.0,96.68,29.0,0.0,0.0,0.0,0.0,0.0,0.0,0.0,0.0,48.34,0.0,96.68,0.0,0.0,0.0,0.0
3007308.0,96.54,49.21,49.21,-10.73,1.04,116.02,1.0,96.68,29.0,0.0,0.0,0.0,0.0,0.0,0.0,0.0,0.0,48.34,0.0,96.68,0.0,0.0,0.0,0.0
3007309.0,0.0,0.0,49.21,-10.73,1.04,116.02,0.0,96.68,29.0,0.0,0.0,0.0,0.0,0.0,0.0,0.0,0.0,48.34,0.0,96.68,0.0,0.0,0.0,0.0
3007310.0,96.54,44.3,49.21,-10.73,1.04,116.02,1.0,96.68,29.0,0.0,0.0,0.0,0.0,0.0,0.0,0.0,0.0,48.34,0.0,96.68,0.0,0.0,0.0,0.0
3007311.0,193.08,98.42,98.42,-21.46,1.04,232.04,1.0,193.37,58.01,0.0,0.0,0.0,0.0,0.0,0.0,0.0,0.0,96.69,0.0,193.37,0.0,0.0,0.0,0.0
3007323.0,38.88,-13.82,63.36,-13.82,1.02,149.37,1.0,124.48,37.34,0.0,0.0,0.0,0.0,0.0,0.0,0.0,0.0,62.24,0.0,124.47,0.0,0.0,0.0,0.0
3007324.0,38.88,-13.82,63.36,-13.82,1.02,149.37,1.0,124.48,37.34,0.0,0.0,0.0,0.0,0.0,0.0,0.0,0.0,62.24,0.0,124.47,0.0,0.0,0.0,0.0
3007325.0,38.88,-13.82,63.36,-13.82,1.02,149.37,1.0,124.48,37.34,0.0,0.0,0.0,0.0,0.0,0.0,0.0,0.0,62.24,0.0,124.47,0.0,0.0,0.0,0.0
3007326.0,38.88,-13.82,63.36,-13.82,1.02,149.37,1.0,124.48,37.34,0.0,0.0,0.0,0.0,0.0,0.0,0.0,0.0,62.24,0.0,124.47,0.0,0.0,0.0,0.0
3007329.0,31.83,34.79,51.87,-11.31,1.04,122.28,1.0,101.9,30.57,0.0,0.0,0.0,0.0,0.0,0.0,0.0,0.0,50.95,0.0,101.9,0.0,0.0,0.0,0.0
3007334.0,0.0,0.0,2.19,-0.57,1.04,5.64,0.0,4.7,1.41,0.0,0.0,0.0,0.0,0.0,0.0,0.0,0.0,1.88,0.0,4.7,0.0,0.0,0.0,0.0
3007335.0,141.65,128.35,211.33,-55.33,1.04,544.2,1.0,453.5,136.05,0.0,0.0,0.0,0.0,0.0,0.0,0.0,0.0,157.45,0.0,453.5,0.0,0.0,0.0,0.0
3007349.0,313.37,119.0,159.74,-34.83,1.04,376.59,1.0,313.83,94.15,0.0,0.0,0.0,0.0,0.0,0.0,0.0,0.0,130.12,0.0,313.83,0.0,0.0,0.0,0.0
3007350.0,313.37,51.57,159.74,-34.83,1.04,376.59,1.0,313.83,94.15,0.0,0.0,0.0,0.0,0.0,0.0,0.0,0.0,130.12,0.0,313.83,0.0,0.0,0.0,0.0
3007351.0,313.37,40.83,159.74,-34.83,1.04,376.59,1.0,313.83,94.15,0.0,0.0,0.0,0.0,0.0,0.0,0.0,0.0,130.12,0.0,313.83,0.0,0.0,0.0,0.0
3007352.0,313.37,42.21,159.74,-34.83,1.04,376.59,1.0,313.83,94.15,0.0,0.0,0.0,0.0,0.0,0.0,0.0,0.0,130.12,0.0,313.83,0.0,0.0,0.0,0.0
3007353.0,600.63,67.24,348.26,-75.95,1.04,821.04,1.0,684.2,205.26,0.0,0.0,0.0,0.0,0.0,0.0,0.0,0.0,136.84,0.0,684.2,0.0,0.0,0.0,0.0
3007354.0,596.86,107.2,348.26,-75.95,1.04,821.04,1.0,684.2,205.26,0.0,0.0,0.0,0.0,0.0,0.0,0.0,0.0,136.84,0.0,684.2,0.0,0.0,0.0,0.0
3007355.0,596.86,106.44,348.26,-75.95,1.04,821.04,1.0,684.2,205.26,0.0,0.0,0.0,0.0,0.0,0.0,0.0,0.0,136.84,0.0,684.2,0.0,0.0,0.0,0.0
3007356.0,596.8,110.03,348.26,-75.95,1.04,821.04,1.0,684.2,205.0,0.0,0.0,0.0,0.0,0.0,0.0,0.0,0.0,136.84,0.0,684.2,0.0,0.0,0.0,0.0
3007357.0,16.28,8.3,8.3,-1.81,1.04,19.56,1.0,16.3,4.89,0.0,0.0,0.0,0.0,0.0,0.0,0.0,0.0,8.15,0.0,16.3,0.0,0.0,0.0,0.0
3007358.0,224.87,33.79,114.63,-25.0,1.04,270.24,1.0,225.2,67.56,0.0,0.0,0.0,0.0,0.0,0.0,0.0,0.0,108.34,0.0,225.2,0.0,0.0,0.0,0.0
3007359.0,224.87,74.02,114.63,-25.0,1.04,270.24,1.0,225.2,67.56,0.0,0.0,0.0,0.0,0.0,0.0,0.0,0.0,108.34,0.0,225.2,0.0,0.0,0.0,0.0
3007360.0,224.87,45.38,114.63,-25.0,1.04,270.24,1.0,225.2,67.56,0.0,0.0,0.0,0.0,0.0,0.0,0.0,0.0,108.34,0.0,225.2,0.0,0.0,0.0,0.0
3007361.0,102.55,27.74,52.27,-11.4,1.04,123.24,1.0,102.7,30.81,0.0,0.0,0.0,0.0,0.0,0.0,0.0,0.0,51.35,0.0,102.7,0.0,0.0,0.0,0.0
3007369.0,107.11,27.68,54.6,-11.91,1.04,128.72,1.0,107.27,32.18,0.0,0.0,0.0,0.0,0.0,0.0,0.0,0.0,53.63,0.0,107.27,0.0,0.0,0.0,0.0
3007370.0,107.11,22.32,54.6,-11.91,1.04,128.72,1.0,107.27,32.18,0.0,0.0,0.0,0.0,0.0,0.0,0.0,0.0,53.63,0.0,107.27,0.0,0.0,0.0,0.0
3007371.0,107.11,26.67,54.6,-11.91,1.04,128.72,1.0,107.27,32.18,0.0,0.0,0.0,0.0,0.0,0.0,0.0,0.0,53.63,0.0,107.27,0.0,0.0,0.0,0.0
3007372.0,107.11,28.44,54.6,-11.91,1.04,128.72,1.0,107.27,32.18,0.0,0.0,0.0,0.0,0.0,0.0,0.0,0.0,53.63,0.0,107.27,0.0,0.0,0.0,0.0
3007373.0,107.11,54.6,54.6,-11.91,1.04,128.72,1.0,107.27,32.18,0.0,0.0,0.0,0.0,0.0,0.0,0.0,0.0,53.63,0.0,107.27,0.0,0.0,0.0,0.0
3007374.0,107.11,34.91,54.6,-11.91,1.04,128.72,1.0,107.27,32.18,0.0,0.0,0.0,0.0,0.0,0.0,0.0,0.0,53.63,0.0,107.27,0.0,0.0,0.0,0.0
3007375.0,183.39,34.36,93.48,-20.39,1.04,220.39,1.0,183.66,55.1,0.0,0.0,0.0,0.0,0.0,0.0,0.0,0.0,91.83,0.0,183.66,0.0,0.0,0.0,0.0
3007376.0,183.39,37.3,93.48,-20.39,1.04,220.39,1.0,183.66,55.1,0.0,0.0,0.0,0.0,0.0,0.0,0.0,0.0,91.83,0.0,183.66,0.0,0.0,0.0,0.0
3007377.0,183.39,47.31,93.48,-20.39,1.04,220.39,1.0,183.66,55.1,0.0,0.0,0.0,0.0,0.0,0.0,0.0,0.0,91.83,0.0,183.66,0.0,0.0,0.0,0.0
3007378.0,183.39,38.64,93.48,-20.39,1.04,220.39,1.0,183.66,55.1,0.0,0.0,0.0,0.0,0.0,0.0,0.0,0.0,91.83,0.0,183.66,0.0,0.0,0.0,0.0
3007379.0,183.39,41.66,93.48,-20.39,1.04,220.39,1.0,183.66,55.1,0.0,0.0,0.0,0.0,0.0,0.0,0.0,0.0,91.83,0.0,183.66,0.0,0.0,0.0,0.0
3007389.0,542.0,276.29,276.29,-60.25,1.04,651.36,1.0,542.8,162.84,0.0,0.0,0.0,0.0,0.0,0.0,0.0,0.0,131.85,0.0,542.8,0.0,0.0,0.0,0.0
3007400.0,71.89,-7.99,36.65,-7.99,1.0,86.4,1.0,72.0,21.6,0.0,0.0,0.0,0.0,0.0,0.0,0.0,0.0,36.0,0.0,72.0,0.0,0.0,0.0,0.0
3007400.0,71.89,-7.99,36.65,-7.99,1.0,86.4,1.0,72.0,21.6,0.0,0.0,0.0,0.0,0.0,0.0,0.0,0.0,36.0,0.0,72.0,0.0,0.0,0.0,0.0
3007400.0,71.89,-7.99,36.65,-7.99,1.0,86.4,1.0,72.0,21.6,0.0,0.0,0.0,0.0,0.0,0.0,0.0,0.0,36.0,0.0,72.0,0.0,0.0,0.0,0.0
3007400.0,71.89,-7.99,36.65,-7.99,1.0,86.4,1.0,72.0,21.6,0.0,0.0,0.0,0.0,0.0,0.0,0.0,0.0,36.0,0.0,72.0,0.0,0.0,0.0,0.0
3007400.0,143.79,-15.98,73.3,-15.98,1.0,172.8,1.0,144.0,43.2,0.0,0.0,0.0,0.0,0.0,0.0,0.0,0.0,72.0,0.0,144.0,0.0,0.0,0.0,0.0
3007400.0,445.74,-49.55,227.22,-49.55,1.0,535.68,1.0,446.4,133.92,0.0,0.0,0.0,0.0,0.0,0.0,0.0,0.0,140.71,0.0,446.4,0.0,0.0,0.0,0.0
3007406.0,63.01,32.12,32.12,-7.0,1.04,75.72,1.0,63.1,18.93,0.0,0.0,0.0,0.0,0.0,0.0,0.0,0.0,31.55,0.0,63.1,0.0,0.0,0.0,0.0
3007406.0,309.54,157.79,157.79,-34.41,1.04,372.0,1.0,310.0,93.0,0.0,0.0,0.0,0.0,0.0,0.0,0.0,0.0,129.42,0.0,310.0,0.0,0.0,0.0,0.0
3007414.0,102.25,52.12,52.12,-11.37,1.03,122.88,1.0,102.4,30.72,0.0,0.0,0.0,0.0,0.0,0.0,0.0,0.0,51.2,0.0,102.4,0.0,0.0,0.0,0.0
3007419.0,88.07,-9.79,44.89,-9.79,1.0,105.84,1.0,88.2,26.46,0.0,0.0,0.0,0.0,0.0,0.0,0.0,0.0,44.1,0.0,88.2,0.0,0.0,0.0,0.0
3007419.0,88.07,-9.79,44.89,-9.79,1.0,105.84,1.0,88.2,26.46,0.0,0.0,0.0,0.0,0.0,0.0,0.0,0.0,44.1,0.0,88.2,0.0,0.0,0.0,0.0
3007422.0,2.12,3.46,3.46,-0.75,1.04,8.16,1.0,6.8,2.04,0.0,0.0,0.0,0.0,0.0,0.0,0.0,0.0,3.4,0.0,6.8,0.0,0.0,0.0,0.0
3007422.0,53.79,41.76,87.65,-19.11,1.04,206.64,1.0,172.2,51.66,0.0,0.0,0.0,0.0,0.0,0.0,0.0,0.0,86.1,0.0,172.2,0.0,0.0,0.0,0.0
3007422.0,53.79,41.76,87.65,-19.11,1.04,206.64,1.0,172.2,51.66,0.0,0.0,0.0,0.0,0.0,0.0,0.0,0.0,86.1,0.0,172.2,0.0,0.0,0.0,0.0
3007422.0,35.14,41.76,57.26,-12.49,1.04,135.0,1.0,112.5,33.75,0.0,0.0,0.0,0.0,0.0,0.0,0.0,0.0,56.25,0.0,112.5,0.0,0.0,0.0,0.0
3007422.0,35.14,41.76,57.26,-12.49,1.04,135.0,1.0,112.5,33.75,0.0,0.0,0.0,0.0,0.0,0.0,0.0,0.0,56.25,0.0,112.5,0.0,0.0,0.0,0.0
3007422.0,35.14,41.76,57.26,-12.49,1.04,135.0,1.0,112.5,33.75,0.0,0.0,0.0,0.0,0.0,0.0,0.0,0.0,56.25,0.0,112.5,0.0,0.0,0.0,0.0
3007422.0,35.14,41.76,57.26,-12.49,1.04,135.0,1.0,112.5,33.75,0.0,0.0,0.0,0.0,0.0,0.0,0.0,0.0,56.25,0.0,112.5,0.0,0.0,0.0,0.0
3007422.0,59.69,41.76,97.27,-21.21,1.04,229.32,1.0,191.1,57.33,0.0,0.0,0.0,0.0,0.0,0.0,0.0,0.0,95.55,0.0,191.1,0.0,0.0,0.0,0.0
3007422.0,53.79,41.76,87.65,-19.11,1.04,206.64,1.0,172.2,51.66,0.0,0.0,0.0,0.0,0.0,0.0,0.0,0.0,86.1,0.0,172.2,0.0,0.0,0.0,0.0
3007422.0,53.79,41.76,87.65,-19.11,1.04,206.64,1.0,172.2,51.66,0.0,0.0,0.0,0.0,0.0,0.0,0.0,0.0,86.1,0.0,172.2,0.0,0.0,0.0,0.0
3007422.0,53.79,41.76,87.65,-19.11,1.04,206.64,1.0,172.2,51.66,0.0,0.0,0.0,0.0,0.0,0.0,0.0,0.0,86.1,0.0,172.2,0.0,0.0,0.0,0.0
3007428.0,31.4,20.89,51.16,-11.16,1.04,120.62,1.0,100.52,30.16,0.0,0.0,0.0,0.0,0.0,0.0,0.0,0.0,50.26,0.0,100.52,0.0,0.0,0.0,0.0
3007428.0,40.6,20.89,66.17,-14.43,1.04,156.0,1.0,130.0,39.0,0.0,0.0,0.0,0.0,0.0,0.0,0.0,0.0,65.0,0.0,130.0,0.0,0.0,0.0,0.0
3007428.0,40.6,20.89,66.17,-14.43,1.04,156.0,1.0,130.0,39.0,0.0,0.0,0.0,0.0,0.0,0.0,0.0,0.0,65.0,0.0,130.0,0.0,0.0,0.0,0.0
3007428.0,31.4,20.89,51.16,-11.16,1.04,120.62,1.0,100.52,30.16,0.0,0.0,0.0,0.0,0.0,0.0,0.0,0.0,50.26,0.0,100.52,0.0,0.0,0.0,0.0
3007428.0,31.4,20.89,51.16,-11.16,1.04,120.62,1.0,100.52,30.16,0.0,0.0,0.0,0.0,0.0,0.0,0.0,0.0,50.26,0.0,100.52,0.0,0.0,0.0,0.0
3007428.0,31.4,20.89,51.16,-11.16,1.04,120.62,1.0,100.52,30.16,0.0,0.0,0.0,0.0,0.0,0.0,0.0,0.0,50.26,0.0,100.52,0.0,0.0,0.0,0.0
3007428.0,31.4,20.89,51.16,-11.16,1.04,120.62,1.0,100.52,30.16,0.0,0.0,0.0,0.0,0.0,0.0,0.0,0.0,50.26,0.0,100.52,0.0,0.0,0.0,0.0
3007428.0,31.4,20.89,51.16,-11.16,1.04,120.62,1.0,100.52,30.16,0.0,0.0,0.0,0.0,0.0,0.0,0.0,0.0,50.26,0.0,100.52,0.0,0.0,0.0,0.0
3007428.0,23.43,20.89,38.17,-8.33,1.04,90.0,1.0,75.0,22.5,0.0,0.0,0.0,0.0,0.0,0.0,0.0,0.0,37.5,0.0,75.0,0.0,0.0,0.0,0.0
3007428.0,0.0,0.0,41.23,-8.99,1.04,97.2,0.0,81.0,24.3,0.0,0.0,0.0,0.0,0.0,0.0,0.0,0.0,40.5,0.0,81.0,0.0,0.0,0.0,0.0
3007428.0,3.65,5.96,5.96,-1.3,1.04,14.04,1.0,11.7,3.51,0.0,0.0,0.0,0.0,0.0,0.0,0.0,0.0,5.85,0.0,11.7,0.0,0.0,0.0,0.0
3008024.0,33.0,0.0,0.0,0.0,1.04,52.8,1.0,44.0,13.2,0.0,0.0,0.0,0.0,0.0,0.0,0.0,0.0,0.0,0.0,44.0,0.0,0.0,0.0,0.0
3008033.0,0.0,0.0,119.58,-26.08,1.04,281.91,0.0,234.93,70.48,0.0,0.0,0.0,0.0,0.0,0.0,0.0,0.0,111.31,0.0,234.93,0.0,0.0,0.0,0.0
3008034.0,0.0,0.0,119.58,-26.08,1.04,281.91,0.0,234.93,70.48,0.0,0.0,0.0,0.0,0.0,0.0,0.0,0.0,111.31,0.0,234.93,0.0,0.0,0.0,0.0
3008035.0,0.0,0.0,119.58,-26.08,1.04,281.91,0.0,234.93,70.48,0.0,0.0,0.0,0.0,0.0,0.0,0.0,0.0,111.31,0.0,234.93,0.0,0.0,0.0,0.0
3008036.0,0.0,0.0,119.58,-26.08,1.04,281.91,0.0,234.93,70.48,0.0,0.0,0.0,0.0,0.0,0.0,0.0,0.0,111.31,0.0,234.93,0.0,0.0,0.0,0.0
3008046.0,172.42,-19.17,87.89,-19.17,1.01,207.2,1.0,172.67,51.8,0.0,0.0,0.0,0.0,0.0,0.0,0.0,0.0,86.33,0.0,172.67,0.0,0.0,0.0,0.0
3008047.0,0.0,0.0,87.89,-19.17,1.01,207.2,0.0,172.67,51.8,0.0,0.0,0.0,0.0,0.0,0.0,0.0,0.0,86.33,0.0,172.67,0.0,0.0,0.0,0.0
3008048.0,172.42,76.28,87.89,-19.17,1.04,207.2,1.0,172.67,51.8,0.0,0.0,0.0,0.0,0.0,0.0,0.0,0.0,86.33,0.0,172.67,0.0,0.0,0.0,0.0
3008049.0,172.42,-19.17,87.89,-19.17,1.01,207.2,1.0,172.67,51.8,0.0,0.0,0.0,0.0,0.0,0.0,0.0,0.0,86.33,0.0,172.67,0.0,0.0,0.0,0.0
3008050.0,0.0,0.0,87.89,-19.17,1.01,207.2,0.0,172.67,51.8,0.0,0.0,0.0,0.0,0.0,0.0,0.0,0.0,86.33,0.0,172.67,0.0,0.0,0.0,0.0
3008051.0,0.0,0.0,87.89,-19.17,1.01,207.2,0.0,172.67,51.8,0.0,0.0,0.0,0.0,0.0,0.0,0.0,0.0,86.33,0.0,172.67,0.0,0.0,0.0,0.0
3008060.0,0.0,0.0,276.52,-72.39,1.0,712.08,0.0,593.4,178.02,0.0,0.0,0.0,0.0,0.0,0.0,0.0,0.0,188.73,0.0,593.4,0.0,0.0,0.0,0.0
3008061.0,0.0,0.0,276.52,-72.39,1.0,712.08,0.0,593.4,178.02,0.0,0.0,0.0,0.0,0.0,0.0,0.0,0.0,188.73,0.0,593.4,0.0,0.0,0.0,0.0
3008070.0,0.0,0.0,431.0,-112.84,1.0,1109.88,0.0,924.9,277.47,0.0,0.0,0.0,0.0,0.0,0.0,0.0,0.0,230.28,0.0,924.9,0.0,0.0,0.0,0.0
3008071.0,923.54,-112.84,431.0,-112.84,1.0,1109.88,1.0,924.9,277.47,0.0,0.0,0.0,0.0,0.0,0.0,0.0,0.0,230.28,0.0,924.9,0.0,0.0,0.0,0.0
3008077.0,234.55,2.31,119.56,-26.07,1.03,281.88,1.0,234.9,70.47,0.0,0.0,0.0,0.0,0.0,0.0,0.0,0.0,111.3,0.0,234.9,0.0,0.0,0.0,0.0
3008078.0,234.55,1.15,119.56,-26.07,1.03,281.88,1.0,234.9,70.47,0.0,0.0,0.0,0.0,0.0,0.0,0.0,0.0,111.3,0.0,234.9,0.0,0.0,0.0,0.0
3008079.0,234.55,0.28,119.56,-26.07,1.03,281.88,1.0,234.9,70.47,0.0,0.0,0.0,0.0,0.0,0.0,0.0,0.0,111.3,0.0,234.9,0.0,0.0,0.0,0.0
3008080.0,234.55,1.1,119.56,-26.07,1.03,281.88,1.0,234.9,70.47,0.0,0.0,0.0,0.0,0.0,0.0,0.0,0.0,111.3,0.0,234.9,0.0,0.0,0.0,0.0
3008087.0,0.0,0.0,418.33,-109.52,1.04,1077.24,0.0,897.7,269.31,0.0,0.0,0.0,0.0,0.0,0.0,0.0,0.0,228.6,0.0,897.7,0.0,0.0,0.0,0.0
3008088.0,896.38,112.95,418.33,-109.52,1.04,1077.24,1.0,897.7,269.31,0.0,0.0,0.0,0.0,0.0,0.0,0.0,0.0,228.6,0.0,897.7,0.0,0.0,0.0,0.0
3008099.0,85.5,0.0,0.0,0.0,1.04,136.8,1.0,114.0,34.2,0.0,0.0,0.0,0.0,0.0,0.0,0.0,0.0,0.0,0.0,114.0,0.0,0.0,0.0,0.0
3008115.0,0.0,0.0,4.66,-1.22,1.04,12.0,0.0,10.0,3.0,0.0,0.0,0.0,0.0,0.0,0.0,0.0,0.0,4.0,0.0,10.0,0.0,0.0,0.0,0.0
3008116.0,0.0,0.0,163.89,-42.91,1.04,422.04,0.0,351.7,105.51,0.0,0.0,0.0,0.0,0.0,0.0,0.0,0.0,129.56,0.0,351.7,0.0,0.0,0.0,0.0
3008117.0,230.48,55.6,163.89,-42.91,1.04,422.04,1.0,351.7,105.51,0.0,0.0,0.0,0.0,0.0,0.0,0.0,0.0,129.56,0.0,351.7,0.0,0.0,0.0,0.0
3008129.0,659.03,-43.88,307.56,-80.52,1.03,792.0,1.0,660.0,198.0,0.0,0.0,0.0,0.0,0.0,0.0,0.0,0.0,200.75,0.0,660.0,0.0,0.0,0.0,0.0
3008130.0,659.03,-6.48,307.56,-80.52,1.03,792.0,1.0,660.0,198.0,0.0,0.0,0.0,0.0,0.0,0.0,0.0,0.0,200.75,0.0,660.0,0.0,0.0,0.0,0.0
3008131.0,659.03,-31.64,307.56,-80.52,1.03,792.0,1.0,660.0,198.0,0.0,0.0,0.0,0.0,0.0,0.0,0.0,0.0,200.75,0.0,660.0,0.0,0.0,0.0,0.0
3008147.0,0.0,0.0,1.86,-0.49,1.03,4.8,0.0,4.0,1.2,0.0,0.0,0.0,0.0,0.0,0.0,0.0,0.0,1.6,0.0,4.0,0.0,0.0,0.0,0.0
3008147.0,0.0,0.0,111.51,-29.19,1.03,287.16,0.0,239.3,71.79,0.0,0.0,0.0,0.0,0.0,0.0,0.0,0.0,93.76,0.0,239.3,0.0,0.0,0.0,0.0
3008152.0,0.0,0.0,11.2,-2.44,1.0,26.4,0.0,22.0,6.6,0.0,0.0,0.0,0.0,0.0,0.0,0.0,0.0,11.0,0.0,22.0,0.0,0.0,0.0,0.0
3008155.0,0.0,0.0,81.36,-21.3,1.0,209.52,0.0,174.6,52.38,0.0,0.0,0.0,0.0,0.0,0.0,0.0,0.0,69.84,0.0,174.6,0.0,0.0,0.0,0.0
3008155.0,174.34,-21.3,81.36,-21.3,1.0,209.52,1.0,174.6,52.38,0.0,0.0,0.0,0.0,0.0,0.0,0.0,0.0,69.84,0.0,174.6,0.0,0.0,0.0,0.0
3008158.0,0.0,0.0,53.44,-11.65,1.0,126.0,0.0,105.0,31.5,0.0,0.0,0.0,0.0,0.0,0.0,0.0,0.0,52.5,0.0,105.0,0.0,0.0,0.0,0.0
3008158.0,0.0,0.0,49.98,-10.9,1.0,117.84,0.0,98.2,29.46,0.0,0.0,0.0,0.0,0.0,0.0,0.0,0.0,49.1,0.0,98.2,0.0,0.0,0.0,0.0
3002063.0,0.0,0.0,0.0,0.0,1.0,100.0,1.0,80.0,0.0,0.0,0.0,0.0,0.0,0.0,0.0,0.0,0.0,0.0,0.0,0.0,0.0,0.0,0.0,0.0
3003050.0,0.0,0.0,0.0,0.0,1.0,100.0,1.0,75.8,0.0,0.0,0.0,0.0,0.0,0.0,0.0,0.0,0.0,0.0,0.0,0.0,0.0,0.0,0.0,0.0
3006161.0,0.0,0.0,0.0,0.0,1.0,30.0,1.0,22.1,0.0,0.0,0.0,0.0,0.0,0.0,0.0,0.0,0.0,0.0,0.0,0.0,0.0,0.0,0.0,0.0
3005088.0,0.0,0.0,0.0,0.0,1.0,50.0,1.0,48.0,0.0,0.0,0.0,0.0,0.0,0.0,0.0,0.0,0.0,0.0,0.0,0.0,0.0,0.0,0.0,0.0
3007305.0,0.0,0.0,0.0,0.0,1.0,600.0,1.0,498.0,149.4,0.0,0.0,0.0,0.0,0.0,0.0,0.0,0.0,137.7,0.0,0.0,0.0,0.0,0.0,0.0
3005318.0,0.0,0.0,0.0,0.0,1.0,500.0,1.0,460.0,138.0,0.0,0.0,0.0,0.0,0.0,0.0,0.0,0.0,140.3,0.0,0.0,0.0,0.0,0.0,0.0
3007305.0,0.0,0.0,0.0,0.0,1.0,400.0,1.0,350.0,105.0,0.0,0.0,0.0,0.0,0.0,0.0,0.0,0.0,135.63,0.0,0.0,0.0,0.0,0.0,0.0
3007305.0,0.0,0.0,0.0,0.0,1.0,400.0,1.0,350.0,105.0,0.0,0.0,0.0,0.0,0.0,0.0,0.0,0.0,135.63,0.0,0.0,0.0,0.0,0.0,0.0
3005318.0,0.0,0.0,0.0,0.0,1.0,400.0,1.0,335.0,100.5,0.0,0.0,0.0,0.0,0.0,0.0,0.0,0.0,133.58,0.0,0.0,0.0,0.0,0.0,0.0
3005318.0,0.0,0.0,0.0,0.0,1.0,400.0,1.0,335.0,100.5,0.0,0.0,0.0,0.0,0.0,0.0,0.0,0.0,133.58,0.0,0.0,0.0,0.0,0.0,0.0
3001090.0,0.0,0.0,0.0,0.0,1.0,300.0,1.0,250.0,0.0,0.0,0.0,0.0,0.0,0.0,0.0,0.0,0.0,0.0,0.0,0.0,0.0,0.0,0.0,0.0
3001038.0,0.0,0.0,0.0,0.0,1.0,300.0,1.0,202.0,0.0,0.0,0.0,0.0,0.0,0.0,0.0,0.0,0.0,0.0,0.0,0.0,0.0,0.0,0.0,0.0
3001008.0,0.0,0.0,0.0,0.0,1.0,200.0,1.0,182.0,0.0,0.0,0.0,0.0,0.0,0.0,0.0,0.0,0.0,0.0,0.0,0.0,0.0,0.0,0.0,0.0
3001032.0,0.0,0.0,0.0,0.0,1.0,200.0,1.0,180.0,0.0,0.0,0.0,0.0,0.0,0.0,0.0,0.0,0.0,0.0,0.0,0.0,0.0,0.0,0.0,0.0
3001032.0,0.0,0.0,0.0,0.0,1.0,200.0,1.0,150.0,0.0,0.0,0.0,0.0,0.0,0.0,0.0,0.0,0.0,0.0,0.0,0.0,0.0,0.0,0.0,0.0
3001008.0,0.0,0.0,0.0,0.0,1.0,150.0,1.0,118.5,0.0,0.0,0.0,0.0,0.0,0.0,0.0,0.0,0.0,0.0,0.0,0.0,0.0,0.0,0.0,0.0
3001008.0,0.0,0.0,0.0,0.0,1.0,150.0,1.0,116.0,0.0,0.0,0.0,0.0,0.0,0.0,0.0,0.0,0.0,0.0,0.0,0.0,0.0,0.0,0.0,0.0
3001089.0,0.0,0.0,0.0,0.0,1.0,150.0,1.0,100.0,0.0,0.0,0.0,0.0,0.0,0.0,0.0,0.0,0.0,0.0,0.0,0.0,0.0,0.0,0.0,0.0
3001013.0,0.0,0.0,0.0,0.0,1.0,150.0,1.0,100.0,0.0,0.0,0.0,0.0,0.0,0.0,0.0,0.0,0.0,0.0,0.0,0.0,0.0,0.0,0.0,0.0
3001040.0,0.0,0.0,0.0,0.0,1.0,150.0,1.0,100.0,0.0,0.0,0.0,0.0,0.0,0.0,0.0,0.0,0.0,0.0,0.0,0.0,0.0,0.0,0.0,0.0
3001008.0,0.0,0.0,0.0,0.0,1.0,75.0,1.0,50.0,0.0,0.0,0.0,0.0,0.0,0.0,0.0,0.0,0.0,0.0,0.0,0.0,0.0,0.0,0.0,0.0
3001015.0,0.0,0.0,0.0,0.0,1.0,75.0,1.0,50.0,0.0,0.0,0.0,0.0,0.0,0.0,0.0,0.0,0.0,0.0,0.0,0.0,0.0,0.0,0.0,0.0
3001089.0,0.0,0.0,0.0,0.0,1.0,75.0,1.0,50.0,0.0,0.0,0.0,0.0,0.0,0.0,0.0,0.0,0.0,0.0,0.0,0.0,0.0,0.0,0.0,0.0
3003111.0,0.0,0.0,0.0,0.0,1.0,50.0,1.0,30.0,0.0,0.0,0.0,0.0,0.0,0.0,0.0,0.0,0.0,0.0,0.0,0.0,0.0,0.0,0.0,0.0
3002010.0,0.0,0.0,0.0,0.0,1.0,400.0,1.0,352.8,0.0,0.0,0.0,0.0,0.0,0.0,0.0,0.0,0.0,0.0,0.0,0.0,0.0,0.0,0.0,0.0
3001044.0,0.0,0.0,0.0,0.0,1.0,400.0,1.0,302.4,0.0,0.0,0.0,0.0,0.0,0.0,0.0,0.0,0.0,0.0,0.0,0.0,0.0,0.0,0.0,0.0
3001044.0,0.0,0.0,0.0,0.0,1.0,400.0,1.0,300.0,0.0,0.0,0.0,0.0,0.0,0.0,0.0,0.0,0.0,0.0,0.0,0.0,0.0,0.0,0.0,0.0
3001003.0,0.0,0.0,0.0,0.0,1.0,400.0,1.0,300.0,0.0,0.0,0.0,0.0,0.0,0.0,0.0,0.0,0.0,0.0,0.0,0.0,0.0,0.0,0.0,0.0
3004176.0,0.0,0.0,0.0,0.0,1.0,400.0,1.0,300.0,0.0,0.0,0.0,0.0,0.0,0.0,0.0,0.0,0.0,0.0,0.0,0.0,0.0,0.0,0.0,0.0
3001046.0,0.0,0.0,0.0,0.0,1.0,400.0,1.0,300.0,0.0,0.0,0.0,0.0,0.0,0.0,0.0,0.0,0.0,0.0,0.0,0.0,0.0,0.0,0.0,0.0
3001028.0,0.0,0.0,0.0,0.0,1.0,300.0,1.0,253.0,0.0,0.0,0.0,0.0,0.0,0.0,0.0,0.0,0.0,0.0,0.0,0.0,0.0,0.0,0.0,0.0
3002108.0,0.0,0.0,0.0,0.0,1.0,300.0,1.0,250.0,0.0,0.0,0.0,0.0,0.0,0.0,0.0,0.0,0.0,0.0,0.0,0.0,0.0,0.0,0.0,0.0
3004043.0,0.0,0.0,0.0,0.0,1.0,300.0,1.0,237.6,0.0,0.0,0.0,0.0,0.0,0.0,0.0,0.0,0.0,0.0,0.0,0.0,0.0,0.0,0.0,0.0
3004020.0,0.0,0.0,0.0,0.0,1.0,300.0,1.0,249.0,0.0,0.0,0.0,0.0,0.0,0.0,0.0,0.0,0.0,0.0,0.0,0.0,0.0,0.0,0.0,0.0
3004184.0,0.0,0.0,0.0,0.0,1.0,300.0,1.0,228.0,0.0,0.0,0.0,0.0,0.0,0.0,0.0,0.0,0.0,0.0,0.0,0.0,0.0,0.0,0.0,0.0
3004020.0,0.0,0.0,0.0,0.0,1.0,300.0,1.0,226.1,0.0,0.0,0.0,0.0,0.0,0.0,0.0,0.0,0.0,0.0,0.0,0.0,0.0,0.0,0.0,0.0
3002012.0,0.0,0.0,0.0,0.0,1.0,250.0,1.0,210.1,0.0,0.0,0.0,0.0,0.0,0.0,0.0,0.0,0.0,0.0,0.0,0.0,0.0,0.0,0.0,0.0
3004119.0,0.0,0.0,0.0,0.0,1.0,250.0,1.0,200.0,0.0,0.0,0.0,0.0,0.0,0.0,0.0,0.0,0.0,0.0,0.0,0.0,0.0,0.0,0.0,0.0
3004152.0,0.0,0.0,0.0,0.0,1.0,250.0,1.0,201.0,0.0,0.0,0.0,0.0,0.0,0.0,0.0,0.0,0.0,0.0,0.0,0.0,0.0,0.0,0.0,0.0
3002061.0,0.0,0.0,0.0,0.0,1.0,250.0,1.0,200.2,0.0,0.0,0.0,0.0,0.0,0.0,0.0,0.0,0.0,0.0,0.0,0.0,0.0,0.0,0.0,0.0
3005129.0,0.0,0.0,0.0,0.0,1.0,250.0,1.0,200.0,0.0,0.0,0.0,0.0,0.0,0.0,0.0,0.0,0.0,0.0,0.0,0.0,0.0,0.0,0.0,0.0
3004169.0,0.0,0.0,0.0,0.0,1.0,250.0,1.0,200.0,0.0,0.0,0.0,0.0,0.0,0.0,0.0,0.0,0.0,0.0,0.0,0.0,0.0,0.0,0.0,0.0
3003019.0,0.0,0.0,0.0,0.0,1.0,250.0,1.0,199.5,0.0,0.0,0.0,0.0,0.0,0.0,0.0,0.0,0.0,0.0,0.0,0.0,0.0,0.0,0.0,0.0
3001016.0,0.0,0.0,0.0,0.0,1.0,250.0,1.0,196.7,0.0,0.0,0.0,0.0,0.0,0.0,0.0,0.0,0.0,0.0,0.0,0.0,0.0,0.0,0.0,0.0
3002049.0,0.0,0.0,0.0,0.0,1.0,250.0,1.0,183.8,0.0,0.0,0.0,0.0,0.0,0.0,0.0,0.0,0.0,0.0,0.0,0.0,0.0,0.0,0.0,0.0
3002012.0,0.0,0.0,0.0,0.0,1.0,200.0,1.0,163.0,0.0,0.0,0.0,0.0,0.0,0.0,0.0,0.0,0.0,0.0,0.0,0.0,0.0,0.0,0.0,0.0
3004182.0,0.0,0.0,0.0,0.0,1.0,200.0,1.0,162.9,0.0,0.0,0.0,0.0,0.0,0.0,0.0,0.0,0.0,0.0,0.0,0.0,0.0,0.0,0.0,0.0
3003144.0,0.0,0.0,0.0,0.0,1.0,200.0,1.0,160.0,0.0,0.0,0.0,0.0,0.0,0.0,0.0,0.0,0.0,0.0,0.0,0.0,0.0,0.0,0.0,0.0
3001028.0,0.0,0.0,0.0,0.0,1.0,200.0,1.0,158.0,0.0,0.0,0.0,0.0,0.0,0.0,0.0,0.0,0.0,0.0,0.0,0.0,0.0,0.0,0.0,0.0
3001028.0,0.0,0.0,0.0,0.0,1.0,200.0,1.0,155.4,0.0,0.0,0.0,0.0,0.0,0.0,0.0,0.0,0.0,0.0,0.0,0.0,0.0,0.0,0.0,0.0
3002048.0,0.0,0.0,0.0,0.0,1.0,200.0,1.0,151.2,0.0,0.0,0.0,0.0,0.0,0.0,0.0,0.0,0.0,0.0,0.0,0.0,0.0,0.0,0.0,0.0
3003142.0,0.0,0.0,0.0,0.0,1.0,200.0,1.0,150.0,0.0,0.0,0.0,0.0,0.0,0.0,0.0,0.0,0.0,0.0,0.0,0.0,0.0,0.0,0.0,0.0
3003051.0,0.0,0.0,0.0,0.0,1.0,200.0,1.0,149.3,0.0,0.0,0.0,0.0,0.0,0.0,0.0,0.0,0.0,0.0,0.0,0.0,0.0,0.0,0.0,0.0
3001091.0,0.0,0.0,0.0,0.0,1.0,200.0,1.0,148.4,0.0,0.0,0.0,0.0,0.0,0.0,0.0,0.0,0.0,0.0,0.0,0.0,0.0,0.0,0.0,0.0
3002054.0,-200.0,0.0,9999.0,-9999.0,1.0,100.0,1.0,1.0,-201.0,0.0,0.0,0.0,0.0,0.0,0.0,0.0,0.0,0.0,0.0,0.0,0.0,0.0,0.0,0.0
3008126.0,-600.0,0.0,9999.0,-9999.0,1.0,100.0,1.0,1.0,-601.0,0.0,0.0,0.0,0.0,0.0,0.0,0.0,0.0,0.0,0.0,0.0,0.0,0.0,0.0,0.0
