bus_id,HC_aggregate_MW,HC_network_MW
3001001,24224.099999999962,147.92900707554872
3001002,24224.099999999962,119.07768065003128
3001003,24224.099999999962,879.6306119549761
3001004,24224.099999999962,983.9999999999984
3001005,24224.099999999962,331.6762311688442
3001006,24224.099999999962,76.30000000000173
3001007,24224.099999999962,159.38658239301398
3001008,24224.099999999962,795.9999999999997
3001009,24224.099999999962,202.5
3001010,24224.099999999962,170.40000000000063
3001011,24224.099999999962,56.0
3001012,24224.099999999962,291.50000000000017
3001013,24224.099999999962,258.75777535309305
3001014,24224.099999999962,262.1171936771497
3001015,24224.099999999962,170.40000000000086
3001016,24224.099999999962,256.60000000000014
3001017,24224.099999999962,184.50289617818953
3001018,24224.099999999962,109.00000000000088
3001019,24224.099999999962,471.5312978121795
3001020,24224.099999999962,970.888681164522
3001021,24224.099999999962,449.5
3001022,24224.099999999962,842.9999999999973
3001023,24224.099999999962,430.0
3001024,24224.099999999962,109.00000000000108
3001025,24224.099999999962,338.7343328337097
3001026,24224.099999999962,324.2
3001027,24224.099999999962,207.9550309527241
3001028,24224.099999999962,1195.499999999997
3001029,24224.099999999962,203.1000000000004
3001030,24224.099999999962,186.9515576556722
3001031,24224.099999999962,126.58502712430966
3001032,24224.099999999962,783.4999999999995
3001033,24224.099999999962,1514.2497342372926
3001034,24224.099999999962,285.99999999999886
3001035,24224.099999999962,220.0
3001036,24224.099999999962,140.90000000000032
3001037,24224.099999999962,172.76245539753884
3001038,24224.099999999962,650.398000004949
3001039,24224.099999999962,347.5
3001040,24224.099999999962,301.00000000000045
3001041,24224.099999999962,305.4654365680871
3001042,24224.099999999962,145.0
3001043,24224.099999999962,153.8
3001044,24224.099999999962,940.2999999999996
3001045,24224.099999999962,158.50582994840292
3001046,24224.099999999962,573.8000000000001
3001047,24224.099999999962,668.0651224349091
3001048,24224.099999999962,390.0
3001049,24224.099999999962,390.0
3001050,24224.099999999962,213.4
3001051,24224.099999999962,206.4
3001052,24224.099999999962,199.4
3001053,24224.099999999962,783.9859363664691
3001054,24224.099999999962,214.19999999999897
3001055,24224.099999999962,285.79419769358685
3001056,24224.099999999962,299.3083147455532
3001057,24224.099999999962,160.0
3001058,24224.099999999962,676.8913053337765
3001059,24224.099999999962,33.0
3001060,24224.099999999962,27.000000000000856
3001061,24224.099999999962,393.2798953104466
3001062,24224.099999999962,29.0
3001063,24224.099999999962,260.0
3001064,24224.099999999962,179.10498659612097
3001065,24224.099999999962,290.71293704471253
3001066,24224.099999999962,290.71293704471253
3001067,24224.099999999962,299.50000000000017
3001068,24224.099999999962,66.20000000000024
3001069,24224.099999999962,665.5561800280848
3001070,24224.099999999962,380.5
3001071,24224.099999999962,1782.4654714475976
3001072,24224.099999999962,432.13
3001073,24224.099999999962,432.13
3001074,24224.099999999962,432.13
3001075,24224.099999999962,432.1300000000035
3001076,24224.099999999962,230.0
3001077,24224.099999999962,230.0
3001078,24224.099999999962,232.5
3001079,24224.099999999962,5287.369253868183
3001080,24224.099999999962,231.5
3001081,24224.099999999962,1632.4783199490712
3001082,24224.099999999962,447.9999999999991
3001083,24224.099999999962,259.64578867293136
3001084,24224.099999999962,587.2187355489743
3001085,24224.099999999962,364.2039984485859
3001086,24224.099999999962,160.2999999999996
3001087,24224.099999999962,702.0999999999999
3001088,24224.099999999962,140.90000000000026
3001089,24224.099999999962,335.6999999999996
3001090,24224.099999999962,624.2463926078692
3001091,24224.099999999962,535.3793845734621
3002001,24224.099999999962,157.95447904499537
3002002,24224.099999999962,4177.844686369213
3002003,24224.099999999962,1090.8337330002057
3002004,24224.099999999962,635.0
3002005,24224.099999999962,645.0
3002006,24224.099999999962,636.0
3002007,24224.099999999962,332.6559438132485
3002008,24224.099999999962,314.9999999999979
3002009,24224.099999999962,456.92940875774013
3002010,24224.099999999962,855.0999999999998
3002011,24224.099999999962,2681.599999999999
3002012,24224.099999999962,1502.309119056219
3002013,24224.099999999962,612.6
3002014,24224.099999999962,314.999999999999
3002015,24224.099999999962,325.19067729416827
3002016,24224.099999999962,259.54122960173595
3002017,24224.099999999962,3202.9999999999995
3002018,24224.099999999962,457.9999999999991
3002019,24224.099999999962,454.0
3002020,24224.099999999962,359.93912032408673
3002021,24224.099999999962,3090.32368644484
3002022,24224.099999999962,894.5672926376008
3002023,24224.099999999962,402.33
3002024,24224.099999999962,557.67
3002025,24224.099999999962,251.6485843384682
3002026,24224.099999999962,356.19999999999953
3002027,24224.099999999962,196.00767680399863
3002028,24224.099999999962,347.5026363801915
3002029,24224.099999999962,314.999999999999
3002030,24224.099999999962,392.7999999999982
3002031,24224.099999999962,360.8999999999998
3002032,24224.099999999962,224.0619967250515
3002033,24224.099999999962,326.91223388870276
3002034,24224.099999999962,298.49999999999585
3002035,24224.099999999962,410.39999999999986
3002036,24224.099999999962,364.26377026390475
3002037,24224.099999999962,581.6503232037679
3002038,24224.099999999962,283.80067091261054
3002039,24224.099999999962,472.0699396257221
3002040,24224.099999999962,390.1483336297748
3002041,24224.099999999962,453.6000000000007
3002042,24224.099999999962,193.6
3002043,24224.099999999962,298.49999999999625
3002044,24224.099999999962,347.79999999999984
3002045,24224.099999999962,316.6294560270593
3002046,24224.099999999962,311.409317984192
3002047,24224.099999999962,262.6661633405875
3002048,24224.099999999962,688.5999999999996
3002049,24224.099999999962,629.9856744618967
3002050,24224.099999999962,327.00445507914054
3002051,24224.099999999962,439.4010496759555
3002052,24224.099999999962,286.74685198293855
3002053,24224.099999999962,340.73342270604087
3002054,24224.099999999962,4166.462858626409
3002055,24224.099999999962,2381.073807207095
3002056,24224.099999999962,227.0
3002057,24224.099999999962,1721.0
3002058,24224.099999999962,464.3890800653873
3002059,24224.099999999962,179.0
3002060,24224.099999999962,320.073418196113
3002061,24224.099999999962,773.5999999999981
3002062,24224.099999999962,358.4
3002063,24224.099999999962,271.70411538625746
3002064,24224.099999999962,247.8809798566832
3002065,24224.099999999962,464.29999999999905
3002066,24224.099999999962,410.3999999999998
3002067,24224.099999999962,274.37877346199525
3002068,24224.099999999962,342.89999999999475
3002069,24224.099999999962,457.3529012207545
3002070,24224.099999999962,554.500000000001
3002071,24224.099999999962,399.0
3002072,24224.099999999962,282.9619383448336
3002073,24224.099999999962,758.299999999998
3002074,24224.099999999962,364.99999999999966
3002075,24224.099999999962,19.0
3002076,24224.099999999962,94.0
3002077,24224.099999999962,587.6282354299349
3002078,24224.099999999962,301.5
3002079,24224.099999999962,369.7000000000001
3002080,24224.099999999962,525.4154998255087
3002081,24224.099999999962,406.3847499703341
3002082,24224.099999999962,379.5292194385789
3002083,24224.099999999962,111.0
3002084,24224.099999999962,82.0
3002085,24224.099999999962,98.0
3002086,24224.099999999962,371.89999999999986
3002087,24224.099999999962,360.89999999999986
3002088,24224.099999999962,410.49999999999886
3002089,24224.099999999962,151.6
3002090,24224.099999999962,351.3611462209426
3002091,24224.099999999962,410.4
3002092,24224.099999999962,236.46347058082017
3002093,24224.099999999962,346.8188709222885
3002094,24224.099999999962,88.0
3002095,24224.099999999962,164.00000000000685
3002096,24224.099999999962,2406.1994448763576
3002097,24224.099999999962,1731.9999999999914
3002098,24224.099999999962,332.9999999999995
3002099,24224.099999999962,247.0
3002100,24224.099999999962,536.0
3002101,24224.099999999962,3636.5306993239224
3002102,24224.099999999962,1209.203711386151
3002103,24224.099999999962,542.0
3002104,24224.099999999962,542.0
3002105,24224.099999999962,544.0
3002106,24224.099999999962,331.66392060338865
3002107,24224.099999999962,271.40265076018915
3002108,24224.099999999962,536.5000000000013
3002109,24224.099999999962,436.1628708839632
3002110,24224.099999999962,552.799999999994
3002111,24224.099999999962,337.9000000000014
3002112,24224.099999999962,331.89045586778917
3002113,24224.099999999962,7076.921565242183
3002114,24224.099999999962,856.8932939108372
3002115,24224.099999999962,594.720000000007
3002116,24224.099999999962,586.72
3002117,24224.099999999962,588.72
3002118,24224.099999999962,575.72
3002119,24224.099999999962,573.72
3002120,24224.099999999962,576.72
3002121,24224.099999999962,254.05293651937842
3002122,24224.099999999962,399.9565580626079
3002123,24224.099999999962,619.7000000000014
3002124,24224.099999999962,398.2000000000022
3002125,24224.099999999962,328.71720119370457
3002126,24224.099999999962,378.3999999999961
3002127,24224.099999999962,5187.466079289915
3002128,24224.099999999962,477.2
3002129,24224.099999999962,626.4079822999295
3002130,24224.099999999962,324.599999999999
3002131,24224.099999999962,324.59999999999957
3002132,24224.099999999962,12.6
3002133,24224.099999999962,496.59999999999707
3003001,24224.099999999962,932.8656220043383
3003002,24224.099999999962,272.90690230366357
3003003,24224.099999999962,290.89999999999924
3003004,24224.099999999962,88.5
3003005,24224.099999999962,168.4535689837583
3003006,24224.099999999962,289.69999999999936
3003007,24224.099999999962,244.19337027437592
3003008,24224.099999999962,460.5999999999997
3003009,24224.099999999962,331.79066646028673
3003010,24224.099999999962,156.7415521568369
3003011,24224.099999999962,122.77799103237129
3003012,24224.099999999962,135.7010140679955
3003013,24224.099999999962,172.08396096860736
3003014,24224.099999999962,142.1150309917368
3003015,24224.099999999962,284.70000000000283
3003016,24224.099999999962,650.9440014892773
3003017,24224.099999999962,369.5
3003018,24224.099999999962,1481.2675293951438
3003019,24224.099999999962,651.0000000000018
3003020,24224.099999999962,350.0
3003021,24224.099999999962,516.8000000000005
3003022,24224.099999999962,168.100000000001
3003023,24224.099999999962,333.1999999999998
3003024,24224.099999999962,184.50000000000043
3003025,24224.099999999962,381.30000000000035
3003026,24224.099999999962,722.0180075367052
3003027,24224.099999999962,276.287367356191
3003028,24224.099999999962,470.0
3003029,24224.099999999962,161.00000000000074
3003030,24224.099999999962,192.00000000000074
3003031,24224.099999999962,356.9316315353886
3003032,24224.099999999962,316.40000000000043
3003033,24224.099999999962,425.50503777409557
3003034,24224.099999999962,255.5
3003035,24224.099999999962,192.1000000000004
3003036,24224.099999999962,381.30000000000024
3003037,24224.099999999962,1147.067800153278
3003038,24224.099999999962,452.9000000000093
3003039,24224.099999999962,489.0
3003040,24224.099999999962,280.7000000000004
3003041,24224.099999999962,1790.376152383519
3003042,24224.099999999962,688.7891683611953
3003043,24224.099999999962,57.0
3003044,24224.099999999962,112.0
3003045,24224.099999999962,550.0
3003046,24224.099999999962,5679.999999999991
3003047,24224.099999999962,640.8214766931694
3003048,24224.099999999962,9281.131006044734
3003049,24224.099999999962,498.7000000000005
3003050,24224.099999999962,1946.0000000000023
3003051,24224.099999999962,371.1999999999997
3003052,24224.099999999962,204.97136257967807
3003053,24224.099999999962,3014.058807942344
3003054,24224.099999999962,200.99999999999932
3003055,24224.099999999962,575.17
3003056,24224.099999999962,505.16999999999996
3003057,24224.099999999962,465.16999999999996
3003058,24224.099999999962,3711.6444368956068
3003059,24224.099999999962,770.9999999999992
3003060,24224.099999999962,365.63
3003061,24224.099999999962,320.63
3003062,24224.099999999962,355.63
3003063,24224.099999999962,355.63
3003064,24224.099999999962,627.9808131593992
3003065,24224.099999999962,190.5
3003066,24224.099999999962,262.4611065006913
3003067,24224.099999999962,589.309072777692
3003068,24224.099999999962,350.0
3003069,24224.099999999962,191.69999999999953
3003070,24224.099999999962,498.9232776887243
3003071,24224.099999999962,370.2
3003072,24224.099999999962,242.2000000000005
3003073,24224.099999999962,237.96480793544254
3003074,24224.099999999962,214.8
3003075,24224.099999999962,171.40000000000015
3003076,24224.099999999962,132.5224946715391
3003077,24224.099999999962,541.9899547161187
3003078,24224.099999999962,2305.9999999999964
3003079,24224.099999999962,645.2958232328305
3003080,24224.099999999962,187.999999999999
3003081,24224.099999999962,549.0
3003082,24224.099999999962,1563.6049433142273
3003083,24224.099999999962,657.5999999999997
3003084,24224.099999999962,532.5
3003085,24224.099999999962,452.9000000000074
3003086,24224.099999999962,152.0
3003087,24224.099999999962,83.0
3003088,24224.099999999962,3971.987216559128
3003089,24224.099999999962,510.94999936558605
3003090,24224.099999999962,372.31110900018876
3003091,24224.099999999962,403.08516494636564
3003092,24224.099999999962,450.0
3003093,24224.099999999962,172.79999999999993
3003094,24224.099999999962,497.6992156115358
3003095,24224.099999999962,370.6
3003096,24224.099999999962,1619.4615973759562
3003097,24224.099999999962,657.9999999999984
3003098,24224.099999999962,360.0
3003099,24224.099999999962,420.94882231329285
3003100,24224.099999999962,314.3852646509066
3003101,24224.099999999962,378.8000000000025
3003102,24224.099999999962,190.8996261538554
3003103,24224.099999999962,253.4000000000011
3003104,24224.099999999962,263.14674161928434
3003105,24224.099999999962,104.5
3003106,24224.099999999962,218.5
3003107,24224.099999999962,165.26171638354805
3003108,24224.099999999962,154.8999999999999
3003109,24224.099999999962,657.999999999998
3003110,24224.099999999962,198.0
3003111,24224.099999999962,621.6000000000001
3003112,24224.099999999962,164.8
3003113,24224.099999999962,164.8
3003114,24224.099999999962,373.60000000000065
3003115,24224.099999999962,452.10000000000036
3003116,24224.099999999962,581.9038627303051
3003117,24224.099999999962,143.0
3003118,24224.099999999962,259.0
3003119,24224.099999999962,232.1000000000002
3003120,24224.099999999962,182.2
3003121,24224.099999999962,487.16308725245983
3003122,24224.099999999962,447.0000000000034
3003123,24224.099999999962,121.09999999999992
3003124,24224.099999999962,142.11503099173652
3003125,24224.099999999962,173.00000000000068
3003126,24224.099999999962,156.37205422092217
3003127,24224.099999999962,453.99999999999704
3003128,24224.099999999962,192.80000000000393
3003129,24224.099999999962,456.88826756966114
3003130,24224.099999999962,509.02277304459983
3003131,24224.099999999962,369.64382824259394
3003132,24224.099999999962,171.39999999999978
3003133,24224.099999999962,1510.000000000002
3003134,24224.099999999962,353.79439538296486
3003135,24224.099999999962,399.9999999999996
3003136,24224.099999999962,436.92274150454455
3003137,24224.099999999962,519.8181688901482
3003138,24224.099999999962,294.39999999999975
3003139,24224.099999999962,280.7000000000002
3003140,24224.099999999962,418.3188209313939
3003141,24224.099999999962,752.4000000000028
3003142,24224.099999999962,435.99999999999955
3003143,24224.099999999962,189.49999999999966
3003144,24224.099999999962,318.60000000000053
3003145,24224.099999999962,374.44012223596565
3003146,24224.099999999962,284.39999999999947
3003147,24224.099999999962,161.00000000000023
3004002,24224.099999999962,195.0999999999996
3004003,24224.099999999962,320.3584311977779
3004004,24224.099999999962,1046.4490859305763
3004005,24224.099999999962,281.37357333811207
3004006,24224.099999999962,321.39999999999935
3004007,24224.099999999962,331.66179293747786
3004008,24224.099999999962,266.2368777904586
3004009,24224.099999999962,1009.716652894191
3004010,24224.099999999962,463.6
3004011,24224.099999999962,251.8000000000002
3004012,24224.099999999962,511.07319194105816
3004013,24224.099999999962,281.78154029456016
3004014,24224.099999999962,1382.0011047333012
3004015,24224.099999999962,597.0060327039682
3004016,24224.099999999962,215.60989614196438
3004017,24224.099999999962,565.161548625717
3004018,24224.099999999962,291.8999999999999
3004019,24224.099999999962,420.10000000000025
3004020,24224.099999999962,1010.9698339407665
3004021,24224.099999999962,165.6484804001654
3004022,24224.099999999962,280.2999999999996
3004023,24224.099999999962,191.69999999999956
3004024,24224.099999999962,1403.8567165048464
3004025,24224.099999999962,368.228565560641
3004026,24224.099999999962,1403.8567165048462
3004027,24224.099999999962,466.8664969658207
3004028,24224.099999999962,2208.2652232996074
3004029,24224.099999999962,311.4897088845597
3004030,24224.099999999962,1312.4
3004031,24224.099999999962,295.5999999999999
3004032,24224.099999999962,168.7000000000003
3004033,24224.099999999962,562.0430169198152
3004034,24224.099999999962,435.0014856949915
3004035,24224.099999999962,179.20000000000067
3004036,24224.099999999962,212.13703424511297
3004037,24224.099999999962,360.5
3004038,24224.099999999962,201.70000000000076
3004039,24224.099999999962,3046.9340818673713
3004040,24224.099999999962,874.9087860630947
3004041,24224.099999999962,1304.5947238774745
3004042,24224.099999999962,986.0921782018364
3004043,24224.099999999962,531.0999999999988
3004044,24224.099999999962,565.1000000000035
3004045,24224.099999999962,156.0
3004046,24224.099999999962,49.6
3004047,24224.099999999962,445.7
3004048,24224.099999999962,449.1945280100214
3004049,24224.099999999962,809.059363230912
3004050,24224.099999999962,616.0
3004051,24224.099999999962,489.4999999999992
3004052,24224.099999999962,144.20000000000152
3004053,24224.099999999962,675.2314888714701
3004054,24224.099999999962,191.20000000000007
3004055,24224.099999999962,595.4849687111673
3004056,24224.099999999962,2460.381742225329
3004057,24224.099999999962,708.9494119906332
3004058,24224.099999999962,329.0
3004059,24224.099999999962,329.0
3004060,24224.099999999962,329.0
3004061,24224.099999999962,431.33000000000004
3004062,24224.099999999962,436.33000000000004
3004063,24224.099999999962,432.33000000000004
3004064,24224.099999999962,681.3825162777777
3004065,24224.099999999962,147.0
3004066,24224.099999999962,417.0447687572334
3004067,24224.099999999962,736.9145940034781
3004068,24224.099999999962,371.99999999999955
3004069,24224.099999999962,192.39999999999958
3004070,24224.099999999962,1265.97749206453
3004071,24224.099999999962,534.1721781427586
3004072,24224.099999999962,535.0301012154194
3004073,24224.099999999962,2995.940061732462
3004074,24224.099999999962,840.1379497798648
3004075,24224.099999999962,220.0
3004076,24224.099999999962,396.33000000000004
3004077,24224.099999999962,396.3300000000031
3004078,24224.099999999962,462.58035096807504
3004079,24224.099999999962,639.9864342955368
3004080,24224.099999999962,3535.3404834836933
3004081,24224.099999999962,564.721668954731
3004082,24224.099999999962,585.4
3004083,24224.099999999962,585.4000000000061
3004084,24224.099999999962,581.4
3004085,24224.099999999962,852.0
3004086,24224.099999999962,410.0428640028984
3004087,24224.099999999962,316.21447660400713
3004088,24224.099999999962,405.83308510701795
3004089,24224.099999999962,306.404993768572
3004090,24224.099999999962,28.0
3004091,24224.099999999962,60.5
3004092,24224.099999999962,48.0
3004093,24224.099999999962,68.0
3004094,24224.099999999962,68.0
3004095,24224.099999999962,68.0
3004096,24224.099999999962,40.0
3004097,24224.099999999962,68.00000000000152
3004098,24224.099999999962,40.0
3004099,24224.099999999962,746.7520554615326
3004100,24224.099999999962,1087.53556310031
3004101,24224.099999999962,338.1999999999959
3004102,24224.099999999962,602.3876026091359
3004103,24224.099999999962,263.84642134258183
3004104,24224.099999999962,583.4595407966623
3004105,24224.099999999962,564.0
3004106,24224.099999999962,321.41518964926297
3004107,24224.099999999962,391.94447798846096
3004108,24224.099999999962,479.68212069859334
3004109,24224.099999999962,151.99999999999986
3004110,24224.099999999962,246.16270424633313
3004111,24224.099999999962,274.968837242845
3004112,24224.099999999962,379.48192840144515
3004113,24224.099999999962,1344.5253461051789
3004114,24224.099999999962,481.12747165239676
3004115,24224.099999999962,311.8
3004116,24224.099999999962,311.8
3004117,24224.099999999962,425.49122610298315
3004118,24224.099999999962,130.39999999999932
3004119,24224.099999999962,725.1335683541396
3004120,24224.099999999962,296.0666432602029
3004121,24224.099999999962,192.49999999999966
3004122,24224.099999999962,439.0378529692025
3004123,24224.099999999962,390.40000000000094
3004124,24224.099999999962,493.15084751999785
3004125,24224.099999999962,161.8302601333866
3004126,24224.099999999962,593.5458287338897
3004127,24224.099999999962,230.20000000000067
3004128,24224.099999999962,475.51762266089503
3004129,24224.099999999962,130.39999999999952
3004130,24224.099999999962,130.39999999999947
3004131,24224.099999999962,1577.409008212318
3004132,24224.099999999962,428.4748589051736
3004133,24224.099999999962,101.0
3004134,24224.099999999962,136.6
3004135,24224.099999999962,136.6
3004136,24224.099999999962,138.6
3004137,24224.099999999962,140.0
3004138,24224.099999999962,135.0
3004139,24224.099999999962,228.0296127141126
3004140,24224.099999999962,1733.0838464040312
3004141,24224.099999999962,586.4983194698423
3004142,24224.099999999962,574.4
3004143,24224.099999999962,186.13030475016433
3004144,24224.099999999962,180.9417816865937
3004145,24224.099999999962,677.1724944640226
3004146,24224.099999999962,2639.591830743265
3004147,24224.099999999962,553.2194981952263
3004148,24224.099999999962,130.39999999999918
3004149,24224.099999999962,417.34389745715146
3004150,24224.099999999962,920.6914509409685
3004151,24224.099999999962,2506.002069256561
3004152,24224.099999999962,1056.4109104082038
3004153,24224.099999999962,854.7
3004154,24224.099999999962,292.78727215207897
3004155,24224.099999999962,421.27556365254
3004156,24224.099999999962,312.2672315757838
3004157,24224.099999999962,390.3334882581189
3004158,24224.099999999962,1971.0960210236183
3004159,24224.099999999962,1639.3945630260587
3004160,24224.099999999962,495.7700000000121
3004161,24224.099999999962,493.77
3004162,24224.099999999962,490.77
3004163,24224.099999999962,74.0
3004164,24224.099999999962,422.8014574529291
3004165,24224.099999999962,863.9999999999949
3004166,24224.099999999962,465.0
3004167,24224.099999999962,231.000743302067
3004168,24224.099999999962,1421.133913658276
3004169,24224.099999999962,695.3888765191566
3004170,24224.099999999962,224.7887686470262
3004171,24224.099999999962,568.8157993843229
3004172,24224.099999999962,334.8250947657041
3004173,24224.099999999962,286.29999999999956
3004174,24224.099999999962,244.24103313547377
3004175,24224.099999999962,310.20000000000005
3004176,24224.099999999962,628.7
3004177,24224.099999999962,380.0
3004178,24224.099999999962,231.9999999999997
3004179,24224.099999999962,130.3999999999996
3004180,24224.099999999962,305.09999999999934
3004181,24224.099999999962,2096.5718472272447
3004182,24224.099999999962,435.93050890995977
3004183,24224.099999999962,1767.8101903902261
3004184,24224.099999999962,1031.397791001351
3004185,24224.099999999962,251.79999999999956
3004186,24224.099999999962,409.9609320705258
3004187,24224.099999999962,280.29999999999956
3004188,24224.099999999962,193.40000000000026
3004189,24224.099999999962,314.59013578912544
3004190,24224.099999999962,477.5000000000005
3004191,24224.099999999962,844.099999999999
3004192,24224.099999999962,1420.678066570922
3004193,24224.099999999962,979.7128504670367
3004194,24224.099999999962,896.2486739227867
3004195,24224.099999999962,3345.0000000000005
3004196,24224.099999999962,2762.43005711777
3004197,24224.099999999962,361.9685682756314
3005003,24224.099999999962,431.4747683515467
3005004,24224.099999999962,476.2000000000006
3005005,24224.099999999962,344.89999999999856
3005006,24224.099999999962,887.8793132487782
3005007,24224.099999999962,229.44339132919018
3005008,24224.099999999962,637.0331873498124
3005009,24224.099999999962,525.029622964057
3005010,24224.099999999962,654.730701577744
3005011,24224.099999999962,249.58301845985784
3005012,24224.099999999962,156.86151409157864
3005013,24224.099999999962,470.66252359167936
3005014,24224.099999999962,369.60000000000105
3005015,24224.099999999962,7280.730480253138
3005016,24224.099999999962,1474.9999252962796
3005017,24224.099999999962,299.9463869546195
3005018,24224.099999999962,7025.175894539269
3005019,24224.099999999962,558.9316306447678
3005020,24224.099999999962,677.0
3005021,24224.099999999962,6250.798679431291
3005022,24224.099999999962,2143.1485942836334
3005023,24224.099999999962,245.0
3005024,24224.099999999962,481.61995251134977
3005025,24224.099999999962,356.02225583298116
3005026,24224.099999999962,755.0191149054863
3005027,24224.099999999962,831.3595521124931
3005028,24224.099999999962,641.3556179159818
3005029,24224.099999999962,344.4050724603558
3005030,24224.099999999962,302.1784228329811
3005031,24224.099999999962,273.59418058694547
3005032,24224.099999999962,791.3762323239874
3005033,24224.099999999962,7553.4043424921
3005034,24224.099999999962,619.5438006313468
3005035,24224.099999999962,243.0
3005036,24224.099999999962,255.0
3005037,24224.099999999962,1293.47
3005038,24224.099999999962,1297.47
3005039,24224.099999999962,1302.47
3005040,24224.099999999962,1301.47
3005041,24224.099999999962,1309.47
3005042,24224.099999999962,1296.47
3005043,24224.099999999962,378.6592444471099
3005044,24224.099999999962,1077.385836031409
3005045,24224.099999999962,10525.046315089357
3005046,24224.099999999962,566.733309522853
3005047,24224.099999999962,5911.152190672173
3005048,24224.099999999962,1681.519112614308
3005049,24224.099999999962,7084.169611152475
3005050,24224.099999999962,398.1771111702088
3005051,24224.099999999962,493.7
3005052,24224.099999999962,347.1279275034472
3005053,24224.099999999962,836.2757603749617
3005054,24224.099999999962,325.023924366365
3005055,24224.099999999962,3570.801572883631
3005056,24224.099999999962,1153.8861869537134
3005057,24224.099999999962,1036.0
3005058,24224.099999999962,1340.3500000000142
3005059,24224.099999999962,510.86938584354976
3005060,24224.099999999962,195.88741238771848
3005061,24224.099999999962,150.3
3005062,24224.099999999962,50.3
3005063,24224.099999999962,5294.9316257797955
3005064,24224.099999999962,1647.289397636984
3005065,24224.099999999962,300.6
3005066,24224.099999999962,213.0
3005067,24224.099999999962,1516.27
3005068,24224.099999999962,1511.270000000028
3005069,24224.099999999962,1517.27
3005070,24224.099999999962,314.33979309792494
3005071,24224.099999999962,476.80000000000217
3005072,24224.099999999962,1339.9486444072345
3005073,24224.099999999962,420.90000000000174
3005074,24224.099999999962,536.3051147575467
3005075,24224.099999999962,362.75189583761806
3005076,24224.099999999962,264.0000000000009
3005077,24224.099999999962,248.93228944024088
3005078,24224.099999999962,163.79408165283434
3005079,24224.099999999962,600.3062871603239
3005080,24224.099999999962,333.5999999999979
3005081,24224.099999999962,295.5528170842958
3005082,24224.099999999962,499.5903228306796
3005083,24224.099999999962,6240.05896390314
3005084,24224.099999999962,1158.3982896666234
3005085,24224.099999999962,361.42459800316084
3005086,24224.099999999962,458.62139097315963
3005087,24224.099999999962,550.2374105252468
3005088,24224.099999999962,533.0999999999975
3005089,24224.099999999962,150.00000000000335
3005090,24224.099999999962,392.8840142539171
3005091,24224.099999999962,486.3999999999921
3005092,24224.099999999962,359.66376382815497
3005093,24224.099999999962,872.6797358013372
3005094,24224.099999999962,611.700000000003
3005095,24224.099999999962,247.83211716707675
3005096,24224.099999999962,1081.1508130209934
3005097,24224.099999999962,633.210121524809
3005098,24224.099999999962,650.7191148626757
3005099,24224.099999999962,666.2857504602351
3005100,24224.099999999962,1231.580687651152
3005101,24224.099999999962,297.38698659488233
3005102,24224.099999999962,5322.010028491079
3005103,24224.099999999962,2588.177041709803
3005104,24224.099999999962,1190.5165157452368
3005105,24224.099999999962,434.4025701873652
3005106,24224.099999999962,82.0
3005107,24224.099999999962,75.0
3005108,24224.099999999962,1112.8356038506213
3005109,24224.099999999962,360.8899625375714
3005110,24224.099999999962,237.94761480975006
3005111,24224.099999999962,951.7511757820657
3005112,24224.099999999962,587.462363780313
3005113,24224.099999999962,454.41950786541224
3005114,24224.099999999962,464.23161091618556
3005115,24224.099999999962,481.899999999998
3005116,24224.099999999962,488.9573221869627
3005117,24224.099999999962,227.9131954255458
3005118,24224.099999999962,461.79601283059554
3005119,24224.099999999962,347.69999999999806
3005120,24224.099999999962,6149.758547215476
3005121,24224.099999999962,397.8999999999997
3005122,24224.099999999962,483.9055179988749
3005123,24224.099999999962,289.20000000000084
3005124,24224.099999999962,232.6641561481387
3005125,24224.099999999962,1204.1858425905473
3005126,24224.099999999962,348.8733015609217
3005127,24224.099999999962,556.5999999999995
3005128,24224.099999999962,409.70256053759493
3005129,24224.099999999962,550.8999999999982
3005130,24224.099999999962,566.0054394276093
3005131,24224.099999999962,6442.269951632534
3005132,24224.099999999962,1023.8357936779767
3005133,24224.099999999962,344.89999999999884
3005134,24224.099999999962,357.88761304412816
3005135,24224.099999999962,544.1095659669501
3005136,24224.099999999962,400.96477202621077
3005137,24224.099999999962,4102.479451409351
3005138,24224.099999999962,1044.9869191795108
3005139,24224.099999999962,454.68919423129734
3005140,24224.099999999962,315.9257992014336
3005141,24224.099999999962,386.50000000000085
3005142,24224.099999999962,453.5240300750939
3005143,24224.099999999962,896.0914290621238
3005144,24224.099999999962,225.36613596767424
3005145,24224.099999999962,686.5489797364472
3005146,24224.099999999962,742.7548161225627
3005147,24224.099999999962,308.64943890242904
3005148,24224.099999999962,617.4055572190475
3005149,24224.099999999962,520.1980144030442
3005150,24224.099999999962,262.88446241318394
3005151,24224.099999999962,506.95646285709176
3005152,24224.099999999962,486.2348636424167
3005153,24224.099999999962,821.7707967873697
3005154,24224.099999999962,496.2913346867151
3005155,24224.099999999962,465.1996395678456
3005156,24224.099999999962,416.59999999999826
3005157,24224.099999999962,513.3774838302334
3005158,24224.099999999962,697.036553479876
3005159,24224.099999999962,289.20000000000056
3005160,24224.099999999962,198.6417719216857
3005161,24224.099999999962,840.5169080886255
3005162,24224.099999999962,356.2000000000007
3005163,24224.099999999962,287.23704226195855
3005164,24224.099999999962,6485.839109229723
3005165,24224.099999999962,407.3931254174752
3005166,24224.099999999962,705.5
3005167,24224.099999999962,216.6
3005168,24224.099999999962,438.8579530401786
3005169,24224.099999999962,398.95420367231463
3005170,24224.099999999962,282.0
3005171,24224.099999999962,486.39999999999344
3005172,24224.099999999962,413.7480372736395
3005173,24224.099999999962,744.8268605347404
3005174,24224.099999999962,448.2233930296467
3005175,24224.099999999962,471.6191842325111
3005176,24224.099999999962,206.20209441589728
3005177,24224.099999999962,724.7285161280685
3005178,24224.099999999962,323.84549116609753
3005179,24224.099999999962,8039.997164045886
3005180,24224.099999999962,993.7267029931166
3005181,24224.099999999962,656.8220046747124
3005182,24224.099999999962,369.6999999999999
3005183,24224.099999999962,274.5698474935434
3005184,24224.099999999962,182.45697757401857
3005185,24224.099999999962,978.5508930128959
3005186,24224.099999999962,854.3410171626958
3005187,24224.099999999962,337.9000000000017
3005188,24224.099999999962,805.2444698199138
3005189,24224.099999999962,737.6950482617871
3005190,24224.099999999962,547.7995723137242
3005191,24224.099999999962,590.987851288039
3005192,24224.099999999962,2021.0330675991947
3005193,24224.099999999962,923.9000000000009
3005194,24224.099999999962,405.0538273901342
3005195,24224.099999999962,433.1613321312985
3005196,24224.099999999962,4308.255195713929
3005197,24224.099999999962,520.6260469187544
3005198,24224.099999999962,744.0
3005199,24224.099999999962,450.0832331207341
3005200,24224.099999999962,277.63681979507004
3005201,24224.099999999962,319.64473828990015
3005202,24224.099999999962,245.71649686367252
3005203,24224.099999999962,608.4176702133834
3005204,24224.099999999962,6015.335566908681
3005205,24224.099999999962,1080.2554887208962
3005206,24224.099999999962,1151.67
3005207,24224.099999999962,1163.67
3005208,24224.099999999962,1161.67
3005209,24224.099999999962,299.48237375117554
3005210,24224.099999999962,506.2645752735009
3005211,24224.099999999962,536.8294153570877
3005212,24224.099999999962,567.6275323812504
3005213,24224.099999999962,504.66949192286467
3005214,24224.099999999962,537.8790592547839
3005215,24224.099999999962,343.7226703554465
3005216,24224.099999999962,399.47995580067885
3005217,24224.099999999962,1014.7058433155208
3005218,24224.099999999962,415.5040081261856
3005219,24224.099999999962,324.3942767481934
3005220,24224.099999999962,337.3501441507879
3005221,24224.099999999962,162.41569144536084
3005222,24224.099999999962,592.7974520091864
3005223,24224.099999999962,373.6904289598675
3005224,24224.099999999962,774.1064228873247
3005225,24224.099999999962,535.7000000000037
3005226,24224.099999999962,367.799999999999
3005227,24224.099999999962,526.7702160434046
3005228,24224.099999999962,952.8224252314947
3005229,24224.099999999962,564.4023362244334
3005230,24224.099999999962,348.263192573276
3005231,24224.099999999962,514.1580820145225
3005232,24224.099999999962,482.60025911680117
3005233,24224.099999999962,438.59620555487265
3005234,24224.099999999962,579.3845957523475
3005235,24224.099999999962,435.2843895142083
3005236,24224.099999999962,7604.437503930232
3005237,24224.099999999962,531.9999999999981
3005238,24224.099999999962,1051.0
3005239,24224.099999999962,6181.174465166016
3005240,24224.099999999962,666.7963376331131
3005241,24224.099999999962,216.0000000000005
3005242,24224.099999999962,24.0
3005243,24224.099999999962,734.0
3005244,24224.099999999962,350.5192492533074
3005245,24224.099999999962,288.3566073966034
3005246,24224.099999999962,505.88274986425387
3005247,24224.099999999962,366.1999999999999
3005248,24224.099999999962,283.2342386653697
3005249,24224.099999999962,481.3830092939035
3005250,24224.099999999962,1288.0914004623855
3005251,24224.099999999962,615.4942402615791
3005252,24224.099999999962,380.59040455131435
3005253,24224.099999999962,728.7637841551882
3005254,24224.099999999962,691.662307251914
3005255,24224.099999999962,341.6688071926734
3005256,24224.099999999962,758.6582838890919
3005257,24224.099999999962,603.9584439131354
3005258,24224.099999999962,315.328475850658
3005259,24224.099999999962,467.1675335126766
3005260,24224.099999999962,6534.867687074989
3005261,24224.099999999962,593.0274892949034
3005262,24224.099999999962,2665.0
3005263,24224.099999999962,2665.0
3005264,24224.099999999962,526.5423410538444
3005265,24224.099999999962,960.3381128016131
3005266,24224.099999999962,475.409921957345
3005267,24224.099999999962,374.269815526753
3005268,24224.099999999962,254.57649867229958
3005269,24224.099999999962,594.217609062965
3005270,24224.099999999962,279.08708145541806
3005271,24224.099999999962,383.3995428599993
3005272,24224.099999999962,637.6601537049825
3005273,24224.099999999962,306.30000000000297
3005274,24224.099999999962,283.07532279874795
3005275,24224.099999999962,285.4400974448066
3005276,24224.099999999962,270.75751843103285
3005277,24224.099999999962,326.865163984498
3005278,24224.099999999962,305.7383284985824
3005279,24224.099999999962,4421.02298909055
3005280,24224.099999999962,925.5051960784468
3005281,24224.099999999962,1209.73
3005282,24224.099999999962,1207.73
3005283,24224.099999999962,935.0
3005284,24224.099999999962,366.30433272827537
3005285,24224.099999999962,421.4658086300564
3005286,24224.099999999962,401.629353012138
3005287,24224.099999999962,382.5663029397757
3005288,24224.099999999962,450.2122083798355
3005289,24224.099999999962,750.4098928300943
3005290,24224.099999999962,538.8865032204133
3005291,24224.099999999962,679.4942055438399
3005292,24224.099999999962,504.4727020563063
3005293,24224.099999999962,656.0259057327595
3005294,24224.099999999962,456.16502879986683
3005295,24224.099999999962,5998.716235199313
3005296,24224.099999999962,765.5698622767985
3005297,24224.099999999962,223.0
3005298,24224.099999999962,640.0
3005299,24224.099999999962,639.0
3005300,24224.099999999962,634.0
3005301,24224.099999999962,485.7
3005302,24224.099999999962,1586.75
3005303,24224.099999999962,1580.75
3005304,24224.099999999962,5751.936720694743
3005305,24224.099999999962,962.56856590811
3005306,24224.099999999962,545.1725430837812
3005307,24224.099999999962,646.1484479074301
3005308,24224.099999999962,649.0835924010316
3005309,24224.099999999962,633.1081522864959
3005310,24224.099999999962,498.196813179309
3005311,24224.099999999962,426.662829437651
3005312,24224.099999999962,208.99397936051514
3005313,24224.099999999962,724.5803086579745
3005314,24224.099999999962,404.8211036510737
3005315,24224.099999999962,221.96243049364801
3005316,24224.099999999962,912.9552002554284
3005317,24224.099999999962,6574.591160127028
3005318,24224.099999999962,2055.082308661438
3005319,24224.099999999962,1187.8
3005320,24224.099999999962,917.0000000000139
3005321,24224.099999999962,1183.8
3005322,24224.099999999962,6192.807505926015
3005323,24224.099999999962,3069.5943397872647
3005324,24224.099999999962,1236.07
3005325,24224.099999999962,1229.07
3005326,24224.099999999962,1237.07
3005327,24224.099999999962,418.0265956378141
3005328,24224.099999999962,307.57541342237056
3005329,24224.099999999962,152.2338556340291
3005330,24224.099999999962,644.1030632955114
3005331,24224.099999999962,441.1318088061182
3005332,24224.099999999962,489.8426078588811
3005333,24224.099999999962,706.2065265988259
3005334,24224.099999999962,738.7000000000066
3005335,24224.099999999962,429.2154129689437
3005336,24224.099999999962,925.0690385791966
3005337,24224.099999999962,271.5634925776045
3005338,24224.099999999962,635.3620096797283
3005339,24224.099999999962,601.1195772095997
3005340,24224.099999999962,316.35491284550585
3005341,24224.099999999962,1339.2337907787376
3005342,24224.099999999962,52.6
3005343,24224.099999999962,447.5
3005344,24224.099999999962,313.3900915595061
3005345,24224.099999999962,395.39611010131074
3005346,24224.099999999962,989.812496652709
3005347,24224.099999999962,352.7999999999989
3005348,24224.099999999962,427.4999999999977
3005349,24224.099999999962,287.05195816876375
3005350,24224.099999999962,6823.073462508598
3005351,24224.099999999962,1885.151407570058
3005352,24224.099999999962,468.0054876761039
3005353,24224.099999999962,1362.1545248023474
3005354,24224.099999999962,361.7901543168974
3005355,24224.099999999962,904.228865090117
3005356,24224.099999999962,299.6044377801484
3005357,24224.099999999962,1198.4946325634685
3005358,24224.099999999962,6745.945864579447
3005359,24224.099999999962,1251.0027260681431
3005360,24224.099999999962,2341.0
3005361,24224.099999999962,4962.934756510326
3005362,24224.099999999962,641.8052952117222
3005363,24224.099999999962,292.4
3005364,24224.099999999962,1011.33
3005365,24224.099999999962,1000.3300000000139
3005366,24224.099999999962,1008.33
3005367,24224.099999999962,1022.33
3005368,24224.099999999962,1011.33
3005369,24224.099999999962,1009.33
3005370,24224.099999999962,599.310735165053
3005371,24224.099999999962,233.05388740507576
3005372,24224.099999999962,419.6801648036305
3005373,24224.099999999962,232.4112789327092
3005374,24224.099999999962,692.3830007376566
3005375,24224.099999999962,500.9382756061938
3005376,24224.099999999962,998.0893173077835
3005377,24224.099999999962,236.12894061010437
3005378,24224.099999999962,444.059901849972
3005379,24224.099999999962,472.9000000000002
3005380,24224.099999999962,5056.565092528753
3005381,24224.099999999962,1154.3947324288986
3005382,24224.099999999962,995.0
3005383,24224.099999999962,996.0
3005384,24224.099999999962,7103.485321252609
3005385,24224.099999999962,1019.4687044474013
3005386,24224.099999999962,909.7840542837822
3005387,24224.099999999962,250.16701833215876
3005388,24224.099999999962,5542.033028165408
3005389,24224.099999999962,970.2901191352917
3005390,24224.099999999962,418.56151100256494
3005391,24224.099999999962,154.49999999999847
3005392,24224.099999999962,41.5
3005393,24224.099999999962,352.34504620810804
3005394,24224.099999999962,5368.599999999983
3005395,24224.099999999962,3090.7535318957484
3005396,24224.099999999962,546.1383459059585
3005397,24224.099999999962,316.99999999999966
3005398,24224.099999999962,21.0
3005399,24224.099999999962,810.6
3005400,24224.099999999962,301.92533681412834
3005401,24224.099999999962,6244.819497783443
3005402,24224.099999999962,877.4902114536791
3005403,24224.099999999962,515.4
3005404,24224.099999999962,524.4
3005405,24224.099999999962,529.4
3005406,24224.099999999962,522.4
3005407,24224.099999999962,493.27502810455354
3005408,24224.099999999962,414.52023916860185
3005409,24224.099999999962,230.449448560281
3005410,24224.099999999962,4652.855964758431
3005411,24224.099999999962,1086.5797621542335
3005412,24224.099999999962,449.3645652111345
3005413,24224.099999999962,5060.49276496772
3005414,24224.099999999962,501.99999999999847
3005415,24224.099999999962,683.0
3005416,24224.099999999962,681.0
3005417,24224.099999999962,696.0
3005418,24224.099999999962,669.8
3005419,24224.099999999962,679.8
3005420,24224.099999999962,462.0679019561711
3005421,24224.099999999962,548.4924283649488
3005422,24224.099999999962,867.7218886413974
3005423,24224.099999999962,106.4
3005424,24224.099999999962,77.0
3005425,24224.099999999962,618.2478693419382
3005426,24224.099999999962,500.70110397175915
3005427,24224.099999999962,559.0344049934887
3005428,24224.099999999962,747.5161737682083
3005429,24224.099999999962,368.90006045967283
3005430,24224.099999999962,545.5864335495285
3005431,24224.099999999962,187.57174183718064
3005432,24224.099999999962,567.599999999995
3005433,24224.099999999962,391.988713691002
3005434,24224.099999999962,929.2093622191735
3005435,24224.099999999962,344.8999999999979
3005436,24224.099999999962,850.8292481836597
3005437,24224.099999999962,356.20000000000033
3005438,24224.099999999962,404.9739548410773
3005439,24224.099999999962,636.7130816755596
3005440,24224.099999999962,401.254630291466
3005441,24224.099999999962,841.5851212414877
3005442,24224.099999999962,318.7865032689634
3005443,24224.099999999962,938.2488559292708
3005444,24224.099999999962,2958.2869935150693
3005445,24224.099999999962,1601.6805101390507
3005446,24224.099999999962,258.1326966714295
3005447,24224.099999999962,412.81804588991736
3005448,24224.099999999962,4204.90669578022
3005449,24224.099999999962,858.7821877953328
3005450,24224.099999999962,364.3749910562072
3005451,24224.099999999962,4883.508169164003
3005452,24224.099999999962,911.4550734192626
3005453,24224.099999999962,527.0783770554399
3005454,24224.099999999962,498.96338999171695
3005455,24224.099999999962,320.8597356447055
3005456,24224.099999999962,416.59999999999854
3005457,24224.099999999962,422.10587412502946
3005458,24224.099999999962,266.9999999999999
3005459,24224.099999999962,372.6964824386606
3005460,24224.099999999962,18.9
3005461,24224.099999999962,280.91387951719014
3005462,24224.099999999962,414.425250160991
3005463,24224.099999999962,374.4438250044642
3005464,24224.099999999962,6615.346811017173
3005465,24224.099999999962,936.472216252783
3005466,24224.099999999962,345.7054615536897
3005467,24224.099999999962,370.0484986593785
3005468,24224.099999999962,578.2334887431075
3005469,24224.099999999962,732.3115061826619
3005470,24224.099999999962,547.5814437772794
3005471,24224.099999999962,497.8878584895443
3005472,24224.099999999962,337.9000000000016
3005473,24224.099999999962,295.93542352193305
3005474,24224.099999999962,338.829919572385
3005475,24224.099999999962,306.6771736394539
3005476,24224.099999999962,468.9764296048439
3005477,24224.099999999962,170.05791304805635
3005478,24224.099999999962,926.6657142714517
3005479,24224.099999999962,5794.958284373969
3005480,24224.099999999962,1748.6871015151162
3005481,24224.099999999962,871.7000000000021
3005482,24224.099999999962,749.6832911614175
3005483,24224.099999999962,942.9278467677767
3005484,24224.099999999962,420.9000000000034
3005485,24224.099999999962,463.06755202558
3006001,24224.099999999962,332.36653501988263
3006002,24224.099999999962,520.342284303022
3006003,24224.099999999962,6712.99
3006004,24224.099999999962,2617.3379986514205
3006005,24224.099999999962,422.071735913979
3006006,24224.099999999962,1001.0
3006007,24224.099999999962,1069.0
3006008,24224.099999999962,952.33
3006009,24224.099999999962,956.33
3006010,24224.099999999962,956.33
3006011,24224.099999999962,312.84937545556915
3006012,24224.099999999962,424.0720362463972
3006013,24224.099999999962,378.41945142873226
3006014,24224.099999999962,271.05334573957276
3006015,24224.099999999962,197.7125285752704
3006016,24224.099999999962,389.9819156443497
3006017,24224.099999999962,480.9438421898648
3006018,24224.099999999962,760.6605354084395
3006019,24224.099999999962,608.7780741856885
3006020,24224.099999999962,164.34869711228572
3006021,24224.099999999962,4269.34435268694
3006022,24224.099999999962,1553.5851644017928
3006023,24224.099999999962,531.5248551396522
3006024,24224.099999999962,501.42103036631545
3006025,24224.099999999962,794.4462036816453
3006026,24224.099999999962,389.5598590924438
3006027,24224.099999999962,495.1427830905901
3006028,24224.099999999962,670.2607333872226
3006029,24224.099999999962,289.1999999999999
3006030,24224.099999999962,667.04632927064
3006031,24224.099999999962,192.5999999999997
3006032,24224.099999999962,157.09999999999928
3006033,24224.099999999962,4039.8076934843007
3006034,24224.099999999962,2378.6923923991426
3006035,24224.099999999962,911.4582789333678
3006036,24224.099999999962,2523.7523582799718
3006037,24224.099999999962,997.6575163134216
3006038,24224.099999999962,6351.706083294946
3006039,24224.099999999962,1578.5456723719458
3006040,24224.099999999962,560.6967989303345
3006041,24224.099999999962,313.0
3006042,24224.099999999962,799.2
3006043,24224.099999999962,209.34821783719818
3006044,24224.099999999962,472.9057249024754
3006045,24224.099999999962,5872.909475121436
3006046,24224.099999999962,1355.1062036959509
3006047,24224.099999999962,733.0783202744032
3006048,24224.099999999962,233.0
3006049,24224.099999999962,283.0
3006050,24224.099999999962,256.00000000000597
3006051,24224.099999999962,408.4
3006052,24224.099999999962,342.0
3006053,24224.099999999962,409.4
3006054,24224.099999999962,395.4
3006055,24224.099999999962,83.32886350002353
3006056,24224.099999999962,6171.334774411223
3006057,24224.099999999962,1596.2447281915092
3006058,24224.099999999962,435.1782186302811
3006059,24224.099999999962,152.7540410188572
3006060,24224.099999999962,255.79313333193838
3006061,24224.099999999962,576.8363052796949
3006062,24224.099999999962,4455.899428843989
3006063,24224.099999999962,1390.7554931831369
3006064,24224.099999999962,126.69888917521
3006065,24224.099999999962,154.9000000000003
3006066,24224.099999999962,5184.768981704272
3006067,24224.099999999962,1854.2812412325397
3006068,24224.099999999962,574.0112923775097
3006069,24224.099999999962,848.37
3006070,24224.099999999962,858.37
3006071,24224.099999999962,851.3700000000241
3006072,24224.099999999962,679.0000000000122
3006073,24224.099999999962,845.37
3006074,24224.099999999962,847.37
3006075,24224.099999999962,7165.8640370515495
3006076,24224.099999999962,2024.8915541531685
3006077,24224.099999999962,80.5154973535902
3006078,24224.099999999962,1722.33
3006079,24224.099999999962,1728.33
3006080,24224.099999999962,1715.33
3006081,24224.099999999962,347.0319836027344
3006082,24224.099999999962,145.3
3006083,24224.099999999962,145.3
3006084,24224.099999999962,308.6140749407219
3006085,24224.099999999962,32.4
3006086,24224.099999999962,71.0
3006087,24224.099999999962,43.0
3006088,24224.099999999962,35.6
3006089,24224.099999999962,38.9
3006090,24224.099999999962,86.7
3006091,24224.099999999962,229.30000000000118
3006092,24224.099999999962,300.95788605196464
3006093,24224.099999999962,145.67282809496282
3006094,24224.099999999962,311.45890437857986
3006095,24224.099999999962,425.7918606787087
3006096,24224.099999999962,253.91395647668293
3006097,24224.099999999962,438.6231393856926
3006098,24224.099999999962,421.2608471456006
3006099,24224.099999999962,262.96512114933404
3006100,24224.099999999962,203.38261563956883
3006101,24224.099999999962,3113.130136346307
3006102,24224.099999999962,2754.724725541384
3006103,24224.099999999962,619.6943282104538
3006104,24224.099999999962,438.5
3006105,24224.099999999962,428.5
3006106,24224.099999999962,681.0
3006107,24224.099999999962,8071.753654593963
3006108,24224.099999999962,1248.6110351042776
3006109,24224.099999999962,167.86520308670848
3006110,24224.099999999962,1771.6
3006111,24224.099999999962,1869.5
3006112,24224.099999999962,273.3999999999989
3006113,24224.099999999962,813.0655247972994
3006114,24224.099999999962,109.48223844180681
3006115,24224.099999999962,262.43247099807854
3006116,24224.099999999962,138.8000000000005
3006117,24224.099999999962,544.3499055574592
3006118,24224.099999999962,5111.171598994675
3006119,24224.099999999962,1925.7880148649397
3006120,24224.099999999962,638.3072150129767
3006121,24224.099999999962,560.1170132205133
3006122,24224.099999999962,173.10000000000082
3006123,24224.099999999962,567.1023594474142
3006124,24224.099999999962,574.1073707467034
3006125,24224.099999999962,192.71963778176564
3006126,24224.099999999962,822.5647134197998
3006127,24224.099999999962,219.70548817938433
3006128,24224.099999999962,151.7304529526856
3006129,24224.099999999962,131.24718805921387
3006130,24224.099999999962,547.1575432830651
3006131,24224.099999999962,151.30000000000055
3006132,24224.099999999962,198.9319551619549
3006133,24224.099999999962,266.6984765335471
3006134,24224.099999999962,278.5000000000008
3006135,24224.099999999962,94.01251422559318
3006136,24224.099999999962,282.6165404138355
3006137,24224.099999999962,161.70826310656352
3006138,24224.099999999962,219.10000000000028
3006139,24224.099999999962,151.69999999999942
3006140,24224.099999999962,278.50000000000057
3006141,24224.099999999962,6803.502378404179
3006142,24224.099999999962,2791.6481042256887
3006143,24224.099999999962,891.6058319812852
3006144,24224.099999999962,265.0
3006145,24224.099999999962,1539.0
3006146,24224.099999999962,1536.0
3006147,24224.099999999962,2264.0
3006148,24224.099999999962,1248.0
3006149,24224.099999999962,1977.0
3006150,24224.099999999962,604.3607710508904
3006151,24224.099999999962,171.32584078656
3006152,24224.099999999962,1098.477770975984
3006153,24224.099999999962,576.7327425212428
3006154,24224.099999999962,224.40000000000074
3006155,24224.099999999962,186.79007659464878
3006156,24224.099999999962,244.08138913191428
3006157,24224.099999999962,268.62842785816275
3006158,24224.099999999962,190.2999999999999
3006159,24224.099999999962,466.7845824778205
3006160,24224.099999999962,689.9992052813475
3006161,24224.099999999962,8766.546033889665
3006162,24224.099999999962,1847.3897049068312
3006163,24224.099999999962,237.84424456959525
3006164,24224.099999999962,1115.05
3006165,24224.099999999962,1114.05
3006166,24224.099999999962,1115.05
3006167,24224.099999999962,1118.05
3006168,24224.099999999962,569.4072604063869
3006169,24224.099999999962,2459.9733703569987
3006170,24224.099999999962,2223.2309166610517
3006171,24224.099999999962,249.4078574009072
3006172,24224.099999999962,460.56580437454306
3006173,24224.099999999962,225.5051880837652
3006174,24224.099999999962,488.73868666277434
3006175,24224.099999999962,849.4799349886114
3006176,24224.099999999962,402.21756750202115
3006177,24224.099999999962,1945.0705590039363
3006178,24224.099999999962,138.51109620558705
3006179,24224.099999999962,161.1236187171105
3006180,24224.099999999962,198.07834305415466
3006181,24224.099999999962,436.60529983909623
3006182,24224.099999999962,273.5000000000018
3006183,24224.099999999962,180.30192566768915
3006184,24224.099999999962,297.1950650376318
3006185,24224.099999999962,143.9242970826868
3006186,24224.099999999962,297.6705130864894
3006187,24224.099999999962,365.6859078723834
3006188,24224.099999999962,1291.800417791545
3006189,24224.099999999962,178.49708227601153
3006190,24224.099999999962,230.56488807561894
3006191,24224.099999999962,253.18145525095355
3006192,24224.099999999962,1272.2719997756756
3006193,24224.099999999962,217.77145116656487
3006194,24224.099999999962,499.025674925591
3006195,24224.099999999962,128.9394332960651
3006196,24224.099999999962,259.9923587615788
3006197,24224.099999999962,6512.7528022041015
3006198,24224.099999999962,1798.904614691832
3006199,24224.099999999962,729.9744741827125
3006200,24224.099999999962,284.52288613375833
3006201,24224.099999999962,297.45630969191393
3006202,24224.099999999962,228.46698026360917
3006203,24224.099999999962,268.8886440246427
3006204,24224.099999999962,306.28322726615534
3006205,24224.099999999962,330.98030082301756
3006206,24224.099999999962,177.00000000000014
3006207,24224.099999999962,262.46205288303076
3006208,24224.099999999962,328.41433121313713
3006209,24224.099999999962,226.92472341971958
3006210,24224.099999999962,9767.730292671054
3006211,24224.099999999962,1316.7710519996776
3006212,24224.099999999962,552.1824187966919
3006213,24224.099999999962,432.40000000000623
3006214,24224.099999999962,1270.3
3006215,24224.099999999962,1273.3
3006216,24224.099999999962,1262.3
3006217,24224.099999999962,132.38217630755742
3006218,24224.099999999962,195.7323394663644
3006219,24224.099999999962,437.40060485808254
3006220,24224.099999999962,477.02551367818654
3006221,24224.099999999962,296.0742539470115
3006222,24224.099999999962,1611.0346526562212
3006223,24224.099999999962,1072.443761921759
3006224,24224.099999999962,270.8007417119543
3006225,24224.099999999962,229.2459687116492
3006226,24224.099999999962,104.07333498168097
3006227,24224.099999999962,351.38607388633653
3006228,24224.099999999962,2180.650293625573
3006229,24224.099999999962,1934.9306323415226
3006230,24224.099999999962,935.0846456522887
3006231,24224.099999999962,271.8648102669542
3006232,24224.099999999962,221.37117232733118
3006233,24224.099999999962,181.4999999999999
3006234,24224.099999999962,4214.849271124786
3006235,24224.099999999962,1515.930411259954
3006236,24224.099999999962,480.4239606125056
3006237,24224.099999999962,317.3791652585353
3006238,24224.099999999962,300.93569063666024
3006239,24224.099999999962,7093.367359399862
3006240,24224.099999999962,1475.3519845410624
3006241,24224.099999999962,528.969986730656
3006242,24224.099999999962,441.0
3006243,24224.099999999962,873.0000000000117
3006244,24224.099999999962,1255.0
3006245,24224.099999999962,1263.0
3006246,24224.099999999962,1265.0
3006247,24224.099999999962,877.33
3006248,24224.099999999962,872.33
3006249,24224.099999999962,868.33
3006250,24224.099999999962,141.5243210693346
3006251,24224.099999999962,144.39999999999984
3006252,24224.099999999962,200.46513050894563
3006253,24224.099999999962,310.6931387592747
3006254,24224.099999999962,5451.299939240325
3006255,24224.099999999962,1130.971435093588
3006256,24224.099999999962,658.3942288153701
3006257,24224.099999999962,920.0
3006258,24224.099999999962,925.0
3006259,24224.099999999962,333.0
3006260,24224.099999999962,1171.0
3006261,24224.099999999962,70.48718781315031
3006262,24224.099999999962,541.5786381715014
3006263,24224.099999999962,1630.7200159893955
3006264,24224.099999999962,133.77523980610428
3006265,24224.099999999962,234.36719431440156
3006266,24224.099999999962,29.0
3006267,24224.099999999962,35.0
3006268,24224.099999999962,30.000000000001386
3006269,24224.099999999962,32.0
3006270,24224.099999999962,47.0
3006271,24224.099999999962,42.0
3006272,24224.099999999962,35.000000000001386
3006273,24224.099999999962,32.0
3006274,24224.099999999962,39.0
3006275,24224.099999999962,222.26690820999426
3006276,24224.099999999962,204.94522447386285
3006277,24224.099999999962,927.4415726131746
3006278,24224.099999999962,356.99859009401644
3006279,24224.099999999962,851.7575316479366
3006280,24224.099999999962,164.58422000858098
3006281,24224.099999999962,302.93863744001993
3006282,24224.099999999962,305.98046971451805
3006283,24224.099999999962,164.31025580750006
3006284,24224.099999999962,581.2898942971191
3006285,24224.099999999962,710.0893352047069
3006286,24224.099999999962,218.69445779194152
3006287,24224.099999999962,1941.3765690665014
3006288,24224.099999999962,562.3884196483909
3006289,24224.099999999962,335.9802898961894
3006290,24224.099999999962,469.5990542985686
3006291,24224.099999999962,637.3846116296447
3006292,24224.099999999962,7916.060185220397
3006293,24224.099999999962,1644.025997995696
3006294,24224.099999999962,198.43115250192122
3006295,24224.099999999962,962.23
3006296,24224.099999999962,968.23
3006297,24224.099999999962,971.23
3006298,24224.099999999962,2959.495308806294
3006299,24224.099999999962,1871.7986494856855
3006300,24224.099999999962,373.47922317279745
3006301,24224.099999999962,225.0
3006302,24224.099999999962,1144.25
3006303,24224.099999999962,1134.25
3006304,24224.099999999962,1143.25
3006305,24224.099999999962,1151.25
3006306,24224.099999999962,141.40000000000092
3006307,24224.099999999962,439.64563827061886
3006308,24224.099999999962,1100.7042310971708
3006309,24224.099999999962,98.1197090156108
3006310,24224.099999999962,354.48920828230547
3006311,24224.099999999962,97.8885494244528
3006312,24224.099999999962,710.8892358990694
3006313,24224.099999999962,567.9712110449649
3006314,24224.099999999962,268.299999999999
3006315,24224.099999999962,1110.925927308902
3006316,24224.099999999962,637.3788542482022
3006317,24224.099999999962,216.2999999999996
3006318,24224.099999999962,216.30000000000015
3006319,24224.099999999962,175.68256905318222
3006320,24224.099999999962,340.7931885670866
3006321,24224.099999999962,1112.3007017748985
3006322,24224.099999999962,188.09779353490302
3006323,24224.099999999962,633.6613826476068
3006324,24224.099999999962,392.2961715772229
3006325,24224.099999999962,293.19999999999953
3006326,24224.099999999962,180.49999999999952
3006327,24224.099999999962,196.7992025687437
3006328,24224.099999999962,110.8700309894585
3006329,24224.099999999962,226.5155560531214
3006330,24224.099999999962,182.3848525387325
3006331,24224.099999999962,469.69761325667685
3006332,24224.099999999962,199.66987908292558
3006333,24224.099999999962,2036.9114509443868
3006334,24224.099999999962,2263.6256689135807
3006335,24224.099999999962,158.65830579707642
3006336,24224.099999999962,141.70000000000047
3006337,24224.099999999962,482.6203043258494
3006338,24224.099999999962,162.20000000000002
3006339,24224.099999999962,151.6999999999995
3006340,24224.099999999962,283.8126209653644
3006341,24224.099999999962,205.00431750073056
3006342,24224.099999999962,2508.4988594019137
3006343,24224.099999999962,1771.6115303808049
3006344,24224.099999999962,490.91605308331754
3006345,24224.099999999962,205.43984682230877
3006346,24224.099999999962,238.9379999737379
3006349,24224.099999999962,5034.217257663191
3006350,24224.099999999962,2235.91564807604
3006351,24224.099999999962,249.26283592245724
3006352,24224.099999999962,424.0586892051446
3006353,24224.099999999962,374.97855673885374
3006354,24224.099999999962,1132.1929104258897
3006355,24224.099999999962,297.69809786228996
3006356,24224.099999999962,562.3107298234061
3006357,24224.099999999962,133.54196212940386
3006358,24224.099999999962,450.40000000000083
3006359,24224.099999999962,810.0649010921011
3006360,24224.099999999962,194.7999999999999
3007001,24224.099999999962,178.68666225030273
3007002,24224.099999999962,4864.313863849923
3007003,24224.099999999962,1257.7219099965894
3007004,24224.099999999962,963.1243232729691
3007005,24224.099999999962,793.0
3007006,24224.099999999962,789.0
3007007,24224.099999999962,802.0000000000111
3007008,24224.099999999962,792.0
3007009,24224.099999999962,788.0
3007010,24224.099999999962,208.98175981369246
3007011,24224.099999999962,159.19999999999942
3007012,24224.099999999962,340.5042651831581
3007013,24224.099999999962,233.97646972376208
3007014,24224.099999999962,380.7566439900375
3007015,24224.099999999962,43.0
3007016,24224.099999999962,844.1205500980112
3007017,24224.099999999962,701.5943642280414
3007018,24224.099999999962,7730.547484320865
3007019,24224.099999999962,1071.465634135118
3007020,24224.099999999962,197.30481676727473
3007021,24224.099999999962,333.4
3007022,24224.099999999962,375.4
3007023,24224.099999999962,373.4
3007024,24224.099999999962,550.8
3007025,24224.099999999962,223.0
3007026,24224.099999999962,608.777256884781
3007027,24224.099999999962,300.1469059164395
3007028,24224.099999999962,644.6729283848234
3007029,24224.099999999962,1144.2704931156563
3007030,24224.099999999962,253.32025657592126
3007031,24224.099999999962,145.8
3007032,24224.099999999962,83.0
3007033,24224.099999999962,94.0
3007034,24224.099999999962,63.0
3007035,24224.099999999962,1385.5983413035144
3007036,24224.099999999962,286.64169725831533
3007037,24224.099999999962,4496.783464371441
3007038,24224.099999999962,3843.1729879422523
3007039,24224.099999999962,348.2204496190574
3007040,24224.099999999962,1168.3731202153951
3007041,24224.099999999962,487.07877902745884
3007042,24224.099999999962,5167.025293684594
3007043,24224.099999999962,1747.667283905647
3007044,24224.099999999962,130.86428745855923
3007045,24224.099999999962,917.45
3007046,24224.099999999962,904.45
3007047,24224.099999999962,3519.99977419643
3007048,24224.099999999962,1715.006126897995
3007049,24224.099999999962,468.11700620628284
3007050,24224.099999999962,199.06173036523865
3007051,24224.099999999962,697.1287535018565
3007052,24224.099999999962,607.4309642878839
3007053,24224.099999999962,521.3436737546019
3007054,24224.099999999962,192.66221883317414
3007055,24224.099999999962,480.0623716288212
3007056,24224.099999999962,1926.561299438831
3007057,24224.099999999962,325.3613409060756
3007058,24224.099999999962,6683.106023911357
3007059,24224.099999999962,1053.1624562244833
3007060,24224.099999999962,209.19423050427338
3007061,24224.099999999962,649.9
3007062,24224.099999999962,645.9000000000103
3007063,24224.099999999962,641.9
3007064,24224.099999999962,644.9
3007065,24224.099999999962,634.9
3007066,24224.099999999962,656.9
3007067,24224.099999999962,123.44831830456803
3007068,24224.099999999962,528.8104459668455
3007069,24224.099999999962,117.60739108288585
3007070,24224.099999999962,209.2676657631719
3007071,24224.099999999962,179.8490681453705
3007072,24224.099999999962,451.1903537355339
3007073,24224.099999999962,959.6325349264533
3007074,24224.099999999962,94.10046209254436
3007075,24224.099999999962,529.6772378434817
3007076,24224.099999999962,3688.9980271437853
3007077,24224.099999999962,1037.039754858442
3007078,24224.099999999962,129.17214576716034
3007079,24224.099999999962,1083.65
3007080,24224.099999999962,1085.65
3007081,24224.099999999962,1091.65
3007082,24224.099999999962,1075.65
3007083,24224.099999999962,1491.5963999552905
3007084,24224.099999999962,393.1119642886226
3007085,24224.099999999962,43.40145185481997
3007086,24224.099999999962,477.7198792254251
3007087,24224.099999999962,914.0708498883572
3007088,24224.099999999962,281.09900392678645
3007089,24224.099999999962,472.629191149928
3007090,24224.099999999962,177.02974432536234
3007091,24224.099999999962,293.50448679496054
3007092,24224.099999999962,222.11568177949923
3007093,24224.099999999962,330.69796063483966
3007094,24224.099999999962,235.40000000000114
3007095,24224.099999999962,7391.037683167913
3007096,24224.099999999962,1090.5675736265598
3007097,24224.099999999962,211.90557799833783
3007098,24224.099999999962,2954.2999999998715
3007099,24224.099999999962,2954.3
3007100,24224.099999999962,399.9646528675526
3007101,24224.099999999962,435.2154951370699
3007102,24224.099999999962,341.79999999999984
3007103,24224.099999999962,395.417476318309
3007104,24224.099999999962,4909.592453001744
3007105,24224.099999999962,2528.507116702193
3007106,24224.099999999962,680.1521055303958
3007107,24224.099999999962,742.0
3007108,24224.099999999962,386.0
3007109,24224.099999999962,390.0
3007110,24224.099999999962,927.0
3007111,24224.099999999962,939.0000000000113
3007112,24224.099999999962,936.0
3007113,24224.099999999962,944.0
3007114,24224.099999999962,948.0
3007115,24224.099999999962,940.0
3007116,24224.099999999962,466.3911828746306
3007117,24224.099999999962,393.1349421116737
3007118,24224.099999999962,424.55650303266077
3007119,24224.099999999962,371.34339715558855
3007120,24224.099999999962,271.48040724735705
3007121,24224.099999999962,41.0
3007122,24224.099999999962,46.000000000001386
3007123,24224.099999999962,196.94056761160599
3007124,24224.099999999962,396.9386204104497
3007125,24224.099999999962,5505.230958435815
3007126,24224.099999999962,3161.873582659821
3007127,24224.099999999962,744.173280253097
3007128,24224.099999999962,159.80000000000132
3007129,24224.099999999962,202.93110349136091
3007130,24224.099999999962,5003.521582062145
3007131,24224.099999999962,1504.9855008886038
3007132,24224.099999999962,394.89659991438424
3007133,24224.099999999962,311.3
3007134,24224.099999999962,982.55
3007135,24224.099999999962,973.55
3007136,24224.099999999962,974.55
3007137,24224.099999999962,987.5500000000113
3007138,24224.099999999962,1433.7
3007139,24224.099999999962,416.0
3007140,24224.099999999962,419.0
3007141,24224.099999999962,427.0
3007142,24224.099999999962,422.0
3007143,24224.099999999962,251.56035544594542
3007144,24224.099999999962,313.70868851649396
3007145,24224.099999999962,425.66005828641613
3007146,24224.099999999962,35.2
3007147,24224.099999999962,702.935977282028
3007148,24224.099999999962,652.7201249240824
3007149,24224.099999999962,155.80624248352015
3007150,24224.099999999962,2183.9371363398077
3007151,24224.099999999962,100.93428717035044
3007152,24224.099999999962,361.13311842168446
3007153,24224.099999999962,252.39738546112494
3007154,24224.099999999962,452.82431635843284
3007155,24224.099999999962,101.76686776484581
3007156,24224.099999999962,1950.9704363061055
3007157,24224.099999999962,920.9148457593152
3007158,24224.099999999962,280.2650785174119
3007159,24224.099999999962,5007.341199413599
3007160,24224.099999999962,1067.341428780975
3007161,24224.099999999962,599.1230582308212
3007162,24224.099999999962,601.6
3007163,24224.099999999962,608.6
3007164,24224.099999999962,608.6
3007165,24224.099999999962,622.6
3007166,24224.099999999962,617.6
3007167,24224.099999999962,610.6
3007168,24224.099999999962,505.72
3007169,24224.099999999962,503.72
3007170,24224.099999999962,1392.87
3007171,24224.099999999962,1043.308293016923
3007172,24224.099999999962,196.4232491148374
3007173,24224.099999999962,166.28395568922585
3007174,24224.099999999962,276.2911075729664
3007175,24224.099999999962,3472.051729625905
3007176,24224.099999999962,3280.4273903107
3007177,24224.099999999962,809.2895832342663
3007178,24224.099999999962,402.1324050502584
3007179,24224.099999999962,214.74853601088685
3007180,24224.099999999962,520.1769869198664
3007181,24224.099999999962,247.7965260121571
3007182,24224.099999999962,135.80062169456292
3007183,24224.099999999962,563.6222514498218
3007184,24224.099999999962,2419.2306377113737
3007185,24224.099999999962,245.8362254616044
3007186,24224.099999999962,4563.093155688596
3007187,24224.099999999962,2642.0521698898187
3007188,24224.099999999962,1041.2390799915986
3007189,24224.099999999962,270.9
3007190,24224.099999999962,385.0
3007191,24224.099999999962,258.0
3007192,24224.099999999962,347.0
3007193,24224.099999999962,263.5000000000109
3007194,24224.099999999962,1091.95
3007195,24224.099999999962,1093.95
3007196,24224.099999999962,1096.95
3007197,24224.099999999962,1097.9500000000442
3007198,24224.099999999962,192.8160202408781
3007199,24224.099999999962,5828.650746965232
3007200,24224.099999999962,1254.757438274494
3007201,24224.099999999962,175.01974155026494
3007202,24224.099999999962,219.80968341747933
3007203,24224.099999999962,164.47750187837923
3007204,24224.099999999962,5653.664762498649
3007205,24224.099999999962,2552.9872918095853
3007206,24224.099999999962,198.8923811830399
3007207,24224.099999999962,243.0
3007208,24224.099999999962,2030.0
3007209,24224.099999999962,2025.0
3007210,24224.099999999962,842.5
3007211,24224.099999999962,834.5
3007212,24224.099999999962,847.5
3007213,24224.099999999962,165.35359528293958
3007214,24224.099999999962,615.542210555676
3007215,24224.099999999962,282.73718381628345
3007216,24224.099999999962,199.86752626145358
3007217,24224.099999999962,155.24403392354128
3007218,24224.099999999962,159.91979696360627
3007219,24224.099999999962,391.95790857466983
3007220,24224.099999999962,533.8893106123018
3007221,24224.099999999962,629.6248748494244
3007222,24224.099999999962,515.3532317633553
3007223,24224.099999999962,291.51866987958886
3007224,24224.099999999962,178.90794513555255
3007225,24224.099999999962,245.76754710487916
3007226,24224.099999999962,319.3551277667498
3007227,24224.099999999962,5305.485043600878
3007228,24224.099999999962,1663.9171290992017
3007229,24224.099999999962,936.3148082248515
3007230,24224.099999999962,173.5925113890482
3007231,24224.099999999962,1047.2856297254368
3007232,24224.099999999962,251.55503783310607
3007233,24224.099999999962,186.73673503024145
3007234,24224.099999999962,119.59523400893542
3007235,24224.099999999962,402.7481150207485
3007236,24224.099999999962,350.1058979708742
3007237,24224.099999999962,353.6209848166339
3007238,24224.099999999962,256.31821837709504
3007239,24224.099999999962,139.2988834208411
3007240,24224.099999999962,237.96423176695853
3007241,24224.099999999962,231.29999999999808
3007242,24224.099999999962,461.13928168245417
3007243,24224.099999999962,402.44848218180704
3007244,24224.099999999962,89.79334493063593
3007245,24224.099999999962,286.55116137403303
3007246,24224.099999999962,236.47338584536183
3007247,24224.099999999962,168.59773284994006
3007248,24224.099999999962,435.11149324378545
3007249,24224.099999999962,476.51925801042006
3007250,24224.099999999962,474.8457443243912
3007251,24224.099999999962,343.6033739205503
3007252,24224.099999999962,1750.157861619111
3007253,24224.099999999962,29.92522829523292
3007254,24224.099999999962,133.31312030601384
3007255,24224.099999999962,1032.276338136147
3007256,24224.099999999962,399.3169064540408
3007257,24224.099999999962,426.3755439984479
3007258,24224.099999999962,432.3862496026048
3007259,24224.099999999962,302.1329291968339
3007260,24224.099999999962,387.2520217597964
3007261,24224.099999999962,890.0512466486551
3007262,24224.099999999962,196.862034643907
3007263,24224.099999999962,4311.40809532222
3007264,24224.099999999962,3247.8083362660104
3007265,24224.099999999962,769.9737688875972
3007266,24224.099999999962,1287.6
3007267,24224.099999999962,533.6400000000057
3007268,24224.099999999962,528.64
3007269,24224.099999999962,530.64
3007270,24224.099999999962,882.28
3007271,24224.099999999962,249.93368571992164
3007272,24224.099999999962,322.0001902634606
3007273,24224.099999999962,398.23394143865573
3007274,24224.099999999962,2442.169714456157
3007275,24224.099999999962,169.6552714524327
3007276,24224.099999999962,776.5516409147943
3007277,24224.099999999962,133.6517422699072
3007278,24224.099999999962,886.923640258486
3007279,24224.099999999962,153.43108696841628
3007280,24224.099999999962,87.0
3007281,24224.099999999962,91.0
3007282,24224.099999999962,1866.4737031617417
3007283,24224.099999999962,141.96229289544772
3007284,24224.099999999962,70.0
3007285,24224.099999999962,121.3
3007286,24224.099999999962,121.3
3007287,24224.099999999962,119.30000000000139
3007288,24224.099999999962,121.3
3007289,24224.099999999962,180.6
3007290,24224.099999999962,175.44835834292132
3007291,24224.099999999962,218.80831785641348
3007292,24224.099999999962,263.22917321559345
3007293,24224.099999999962,155.74350034062368
3007294,24224.099999999962,82.00781626691916
3007295,24224.099999999962,495.46946124812325
3007296,24224.099999999962,200.33263843579954
3007297,24224.099999999962,271.42424986821237
3007298,24224.099999999962,562.4247969453596
3007299,24224.099999999962,160.5650810147945
3007300,24224.099999999962,296.34243913001103
3007301,24224.099999999962,160.29041735955565
3007302,24224.099999999962,133.81779503872164
3007303,24224.099999999962,153.89092941861682
3007304,24224.099999999962,5062.717703757452
3007305,24224.099999999962,3184.3680437763815
3007306,24224.099999999962,279.10452132852237
3007307,24224.099999999962,569.6800000000001
3007308,24224.099999999962,555.6800000000001
3007309,24224.099999999962,454.0
3007310,24224.099999999962,560.6800000000001
3007311,24224.099999999962,922.37
3007312,24224.099999999962,1437.7954526166263
3007313,24224.099999999962,74.90122428013596
3007314,24224.099999999962,184.83377866139017
3007315,24224.099999999962,535.9895532015519
3007316,24224.099999999962,293.7434443506454
3007317,24224.099999999962,299.55634066410425
3007318,24224.099999999962,128.32328005968526
3007319,24224.099999999962,720.0182124571995
3007320,24224.099999999962,3013.54102659156
3007321,24224.099999999962,1515.839362703429
3007322,24224.099999999962,55.372179267977955
3007323,24224.099999999962,708.48
3007324,24224.099999999962,701.48
3007325,24224.099999999962,705.48
3007326,24224.099999999962,692.48
3007327,24224.099999999962,824.4560076511278
3007328,24224.099999999962,134.2650014144609
3007329,24224.099999999962,291.9
3007330,24224.099999999962,576.3113504002279
3007331,24224.099999999962,5429.923595393642
3007332,24224.099999999962,2057.480605723743
3007333,24224.099999999962,244.26152359646574
3007334,24224.099999999962,244.0
3007335,24224.099999999962,1559.5
3007336,24224.099999999962,883.2304956643648
3007337,24224.099999999962,189.7961576097905
3007338,24224.099999999962,263.29083140163294
3007339,24224.099999999962,147.42378249595984
3007340,24224.099999999962,315.94979984048274
3007341,24224.099999999962,4237.425589583591
3007342,24224.099999999962,2883.0201891849315
3007343,24224.099999999962,233.77672424923213
3007344,24224.099999999962,514.5446085825492
3007345,24224.099999999962,497.1075277770999
3007346,24224.099999999962,5755.039378309265
3007347,24224.099999999962,2718.897277093258
3007348,24224.099999999962,551.2486038514448
3007349,24224.099999999962,1332.83
3007350,24224.099999999962,1334.83
3007351,24224.099999999962,1331.83
3007352,24224.099999999962,1338.83
3007353,24224.099999999962,1909.2
3007354,24224.099999999962,1906.2
3007355,24224.099999999962,1902.2
3007356,24224.099999999962,1903.2
3007357,24224.099999999962,303.3
3007358,24224.099999999962,1060.2
3007359,24224.099999999962,1071.2
3007360,24224.099999999962,1070.2
3007361,24224.099999999962,573.7
3007362,24224.099999999962,221.7048943339767
3007363,24224.099999999962,140.49999999999997
3007364,24224.099999999962,180.3999999999998
3007365,24224.099999999962,1157.104163495589
3007366,24224.099999999962,4260.849417976128
3007367,24224.099999999962,2128.793215328045
3007368,24224.099999999962,1090.5214878322881
3007369,24224.099999999962,601.27
3007370,24224.099999999962,587.2700000000056
3007371,24224.099999999962,576.27
3007372,24224.099999999962,592.27
3007373,24224.099999999962,598.27
3007374,24224.099999999962,594.27
3007375,24224.099999999962,895.66
3007376,24224.099999999962,896.66
3007377,24224.099999999962,888.66
3007378,24224.099999999962,877.66
3007379,24224.099999999962,883.6600000000113
3007380,24224.099999999962,62.0715887265426
3007381,24224.099999999962,281.8020421148177
3007382,24224.099999999962,613.1771395969453
3007383,24224.099999999962,326.47354173210357
3007384,24224.099999999962,166.11945078389817
3007385,24224.099999999962,464.80323782499687
3007386,24224.099999999962,414.15455234891516
3007387,24224.099999999962,294.7997784073781
3007388,24224.099999999962,551.5635105559097
3007389,24224.099999999962,3251.4774979528984
3007390,24224.099999999962,2274.669075025386
3007391,24224.099999999962,107.76619297943154
3007392,24224.099999999962,177.1572227853868
3007393,24224.099999999962,180.90000000000023
3007394,24224.099999999962,324.14674611386033
3007395,24224.099999999962,507.1535542636081
3007396,24224.099999999962,181.6153015943044
3007397,24224.099999999962,265.79999999999967
3007398,24224.099999999962,779.070453118548
3007399,24224.099999999962,571.9512751480967
3007400,24224.099999999962,4486.162462254033
3007401,24224.099999999962,2288.4220619530506
3007402,24224.099999999962,475.25861366603795
3007403,24224.099999999962,851.6249856334032
3007404,24224.099999999962,378.2123209281108
3007405,24224.099999999962,127.00593423336389
3007406,24224.099999999962,4200.020286912255
3007407,24224.099999999962,1282.3657783399174
3007408,24224.099999999962,142.9140427516742
3007409,24224.099999999962,3291.2678154842783
3007410,24224.099999999962,138.72453440384092
3007411,24224.099999999962,245.49276385313257
3007412,24224.099999999962,37.77133988433229
3007413,24224.099999999962,320.6364270084348
3007414,24224.099999999962,6201.583816168318
3007415,24224.099999999962,706.7653873773569
3007416,24224.099999999962,171.36256611782275
3007417,24224.099999999962,791.137506469088
3007418,24224.099999999962,568.6629899508051
3007419,24224.099999999962,487.39349753303213
3007420,24224.099999999962,1048.1215347563693
3007421,24224.099999999962,160.89593636662428
3007422,24224.099999999962,5661.858863682176
3007423,24224.099999999962,1721.5798330009422
3007424,24224.099999999962,226.2349629623645
3007425,24224.099999999962,335.24094108918786
3007426,24224.099999999962,170.0093757345241
3007427,24224.099999999962,323.3883438758095
3007428,24224.099999999962,5025.353395195269
3007429,24224.099999999962,1848.184606545773
3007430,24224.099999999962,101.24349590282696
3007431,24224.099999999962,441.234249123445
3007432,24224.099999999962,321.9419495620727
3008001,24224.099999999962,229.0999999999996
3008002,24224.099999999962,64.77381815349392
3008003,24224.099999999962,229.09999999999957
3008004,24224.099999999962,992.570768040144
3008005,24224.099999999962,819.8267078516914
3008006,24224.099999999962,258.09942703495983
3008007,24224.099999999962,131.44567010081255
3008008,24224.099999999962,153.1956456637385
3008009,24224.099999999962,186.89999999999972
3008010,24224.099999999962,249.88352387807592
3008011,24224.099999999962,355.7600933601426
3008012,24224.099999999962,213.06294151176024
3008013,24224.099999999962,205.58397103164998
3008014,24224.099999999962,226.39999999999955
3008015,24224.099999999962,108.60865102126687
3008016,24224.099999999962,211.4373516669778
3008017,24224.099999999962,158.09999999999818
3008018,24224.099999999962,823.098951658506
3008019,24224.099999999962,653.3059666846698
3008020,24224.099999999962,371.6233292384705
3008021,24224.099999999962,253.9452284391944
3008022,24224.099999999962,165.20000000000027
3008023,24224.099999999962,440.53760194476297
3008024,24224.099999999962,91.0
3008025,24224.099999999962,238.04850717096372
3008026,24224.099999999962,106.66269771514361
3008027,24224.099999999962,223.69446091493688
3008028,24224.099999999962,78.86199492021093
3008029,24224.099999999962,245.91997794646673
3008030,24224.099999999962,2782.506307568817
3008031,24224.099999999962,1286.6810809528304
3008032,24224.099999999962,411.33903982589857
3008033,24224.099999999962,826.0
3008034,24224.099999999962,818.0
3008035,24224.099999999962,830.0
3008036,24224.099999999962,820.0
3008037,24224.099999999962,220.18706961209287
3008038,24224.099999999962,361.93991716397585
3008039,24224.099999999962,155.07649149044173
3008040,24224.099999999962,334.54828083207923
3008041,24224.099999999962,205.69999999999936
3008042,24224.099999999962,123.88926578550085
3008043,24224.099999999962,6183.020811824278
3008044,24224.099999999962,1166.7683131386314
3008045,24224.099999999962,329.1691204195961
3008046,24224.099999999962,778.67
3008047,24224.099999999962,613.0000000000271
3008048,24224.099999999962,770.67
3008049,24224.099999999962,780.67
3008050,24224.099999999962,618.0
3008051,24224.099999999962,608.0
3008052,24224.099999999962,134.0115873059732
3008053,24224.099999999962,282.7327074853304
3008054,24224.099999999962,165.90000000000012
3008055,24224.099999999962,294.4893230679002
3008056,24224.099999999962,154.17954613461148
3008057,24224.099999999962,3658.3139805119704
3008058,24224.099999999962,1255.881344607548
3008059,24224.099999999962,155.1022156487581
3008060,24224.099999999962,1157.0
3008061,24224.099999999962,1152.0
3008062,24224.099999999962,208.62966323578834
3008063,24224.099999999962,228.17895199308094
3008064,24224.099999999962,173.00034588176788
3008065,24224.099999999962,461.7092812528818
3008066,24224.099999999962,367.69268334332344
3008067,24224.099999999962,3799.3874902980324
3008068,24224.099999999962,1000.325098841536
3008069,24224.099999999962,214.47049305375893
3008070,24224.099999999962,1325.0
3008071,24224.099999999962,2238.9
3008072,24224.099999999962,225.70467969437897
3008073,24224.099999999962,264.42143415819055
3008074,24224.099999999962,3837.870739316421
3008075,24224.099999999962,1955.0809264079226
3008076,24224.099999999962,453.2121829077608
3008077,24224.099999999962,1040.9
3008078,24224.099999999962,1052.9
3008079,24224.099999999962,1052.9
3008080,24224.099999999962,1048.9
3008081,24224.099999999962,113.78120565466585
3008082,24224.099999999962,5762.074903920155
3008083,24224.099999999962,1549.0280812382264
3008084,24224.099999999962,213.39874431144685
3008085,24224.099999999962,234.47362995278374
3008086,24224.099999999962,236.2390675560146
3008087,24224.099999999962,1315.0
3008088,24224.099999999962,2204.7
3008089,24224.099999999962,453.7373253795891
3008090,24224.099999999962,165.90000000000006
3008091,24224.099999999962,168.49329138032186
3008092,24224.099999999962,165.90000000000035
3008093,24224.099999999962,230.0647822802059
3008094,24224.099999999962,1251.4559488979555
3008095,24224.099999999962,353.84885710834266
3008096,24224.099999999962,171.29999999999916
3008097,24224.099999999962,2069.7751374794
3008098,24224.099999999962,179.58334979456137
3008099,24224.099999999962,298.0
3008100,24224.099999999962,235.747576533826
3008101,24224.099999999962,153.32977030808004
3008102,24224.099999999962,232.88184103334115
3008103,24224.099999999962,234.5999999999996
3008104,24224.099999999962,285.4839354214528
3008105,24224.099999999962,572.6191360281281
3008106,24224.099999999962,229.32853212045364
3008107,24224.099999999962,262.17305680876336
3008108,24224.099999999962,347.6000000000016
3008109,24224.099999999962,153.1382169995743
3008110,24224.099999999962,136.11574491459984
3008111,24224.099999999962,427.23052561158323
3008112,24224.099999999962,3639.856643551401
3008113,24224.099999999962,2435.9794651190614
3008114,24224.099999999962,154.427737317734
3008115,24224.099999999962,273.0
3008116,24224.099999999962,1026.0
3008117,24224.099999999962,1385.7000000000276
3008118,24224.099999999962,235.98221554905842
3008119,24224.099999999962,453.86523902470896
3008120,24224.099999999962,386.6298815188833
3008121,24224.099999999962,240.1074943276956
3008122,24224.099999999962,172.99999999999946
3008123,24224.099999999962,114.00256273635934
3008124,24224.099999999962,309.80707948673745
3008125,24224.099999999962,283.4338682439849
3008126,24224.099999999962,5746.6367758648
3008127,24224.099999999962,2603.659117351334
3008128,24224.099999999962,279.14757603022224
3008129,24224.099999999962,1850.0
3008130,24224.099999999962,1852.0
3008131,24224.099999999962,1833.0
3008132,24224.099999999962,188.0640231712868
3008133,24224.099999999962,2208.490819404278
3008134,24224.099999999962,501.96430088401894
3008135,24224.099999999962,397.1670312304681
3008136,24224.099999999962,284.29458866736127
3008137,24224.099999999962,155.54399385500273
3008138,24224.099999999962,131.43797672490882
3008139,24224.099999999962,543.8015054338522
3008140,24224.099999999962,554.2073715851822
3008141,24224.099999999962,301.973410131287
3008142,24224.099999999962,280.5
3008143,24224.099999999962,446.3139117767143
3008144,24224.099999999962,203.4707211749959
3008145,24224.099999999962,340.4965747233116
3008146,24224.099999999962,116.62446066553203
3008147,24224.099999999962,1445.8158294047623
3008148,24224.099999999962,376.7936800838876
3008149,24224.099999999962,449.8355216539879
3008150,24224.099999999962,120.98470793786488
3008151,24224.099999999962,250.30000000000078
3008152,24224.099999999962,423.69841836995283
3008153,24224.099999999962,311.7404366845475
3008154,24224.099999999962,178.0301942807114
3008155,24224.099999999962,6210.600000000001
3008156,24224.099999999962,1201.7909311387825
3008157,24224.099999999962,396.2782059924004
3008158,24224.099999999962,2777.975562665389
3008159,24224.099999999962,2103.1535615069242
3008160,24224.099999999962,666.859928627895
